time,posttime,package,uid,type,schedulingon
1527426517393,1527426010938,kr.co.rinasoft.howuse,10251,0,0
1527426517398,1527424294522,com.wr.alrim,10197,0,0
1527426517398,1527421538650,com.wr.alrim,10197,0,0
1527426517399,1527425386247,com.sirma.mobile.bible.android,10204,0,0
1527426517400,1527415282993,flipboard.boxer.app,10118,0,0
1527426517400,1527379250773,com.saltybright.android.verse,10293,0,0
1527426517401,1527426405145,kr.co.rinasoft.howuse,10251,0,0
1527426517401,1527426477282,com.android.systemui,10007,0,0
1527426517402,1527426025049,android,1000,0,0
1527426591499,1527426558912,com.sec.android.app.samsungapps,10025,1,0
1527426669798,1527426010938,kr.co.rinasoft.howuse,10251,0,0
1527426669801,1527424294522,com.wr.alrim,10197,0,0
1527426669801,1527421538650,com.wr.alrim,10197,0,0
1527426669802,1527426588283,com.sec.android.app.samsungapps,10025,0,0
1527426669803,1527425386247,com.sirma.mobile.bible.android,10204,0,0
1527426669805,1527415282993,flipboard.boxer.app,10118,0,0
1527426669806,1527379250773,com.saltybright.android.verse,10293,0,0
1527426669807,1527426550627,kr.co.rinasoft.howuse,10251,0,0
1527426669807,1527426658233,com.android.systemui,10007,0,0
1527426669808,1527426025049,android,1000,0,0
1527426686398,1527415282993,flipboard.boxer.app,10118,1,0
1527426686469,1527425386247,com.sirma.mobile.bible.android,10204,1,0
1527426686476,1527426588283,com.sec.android.app.samsungapps,10025,1,0
1527426686482,1527421538650,com.wr.alrim,10197,1,0
1527426686504,1527424294522,com.wr.alrim,10197,1,0
1527426686523,1527426010938,kr.co.rinasoft.howuse,10251,1,0
1527426832546,1527426802843,com.google.android.gm,10125,0,0
1527426832547,1527426802886,com.google.android.gm,10125,0,0
1527426832548,1527379250773,com.saltybright.android.verse,10293,0,0
1527426832549,1527426704729,kr.co.rinasoft.howuse,10251,0,0
1527426832551,1527426819130,com.android.systemui,10007,0,0
1527426832552,1527426025049,android,1000,0,0
1527426854069,1527426802843,com.google.android.gm,10125,0,0
1527426854070,1527426802886,com.google.android.gm,10125,0,0
1527426854070,1527379250773,com.saltybright.android.verse,10293,0,0
1527426854071,1527426704729,kr.co.rinasoft.howuse,10251,0,0
1527426854073,1527426850020,com.android.systemui,10007,0,0
1527426854075,1527426025049,android,1000,0,0
1527426875498,1527426802886,com.google.android.gm,10125,1,0
1527426875887,1527426802843,com.google.android.gm,10125,1,0
1527426899478,1527379250773,com.saltybright.android.verse,10293,0,0
1527426899479,1527426896544,kr.co.rinasoft.howuse,10251,0,0
1527426899480,1527426850020,com.android.systemui,10007,0,0
1527426899481,1527426025049,android,1000,0,0
1527426903430,1527379250773,com.saltybright.android.verse,10293,0,0
1527426903432,1527426896544,kr.co.rinasoft.howuse,10251,0,0
1527426903434,1527426899536,com.android.systemui,10007,0,0
1527426903437,1527426025049,android,1000,0,0
1527426946237,1527379250773,com.saltybright.android.verse,10293,0,0
1527426946239,1527426896544,kr.co.rinasoft.howuse,10251,0,0
1527426946240,1527426929798,com.android.systemui,10007,0,0
1527426946241,1527426025049,android,1000,0,0
1527426992259,1527426980353,com.google.android.gm,10125,0,0
1527426992260,1527426980367,com.google.android.gm,10125,0,0
1527426992261,1527379250773,com.saltybright.android.verse,10293,0,0
1527426992262,1527426896544,kr.co.rinasoft.howuse,10251,0,0
1527426992263,1527426990070,com.android.systemui,10007,0,0
1527426992263,1527426025049,android,1000,0,0
1527426996053,1527426980353,com.google.android.gm,10125,1,0
1527426996074,1527426980367,com.google.android.gm,10125,1,0
1527427057155,1527379250773,com.saltybright.android.verse,10293,0,0
1527427057156,1527426993185,kr.co.rinasoft.howuse,10251,0,0
1527427057157,1527427050419,com.android.systemui,10007,0,0
1527427057158,1527426025049,android,1000,0,0
1527427157938,1527427149600,com.facebook.katana,10275,0,0
1527427157940,1527379250773,com.saltybright.android.verse,10293,0,0
1527427157941,1527426993185,kr.co.rinasoft.howuse,10251,0,0
1527427157942,1527427140944,com.android.systemui,10007,0,0
1527427157943,1527426025049,android,1000,0,0
1527427164326,1527427159860,com.google.android.gm,10125,0,0
1527427164328,1527427149600,com.facebook.katana,10275,0,0
1527427164329,1527427159878,com.google.android.gm,10125,0,0
1527427164332,1527379250773,com.saltybright.android.verse,10293,0,0
1527427164333,1527427158877,kr.co.rinasoft.howuse,10251,0,0
1527427164335,1527427140944,com.android.systemui,10007,0,0
1527427164336,1527426025049,android,1000,0,0
1527427177254,1527427159878,com.google.android.gm,10125,1,0
1527427177315,1527427159860,com.google.android.gm,10125,1,0
1527427177343,1527427149600,com.facebook.katana,10275,1,0
1527427271177,1527427265625,com.facebook.orca,10292,0,0
1527427271178,1527379250773,com.saltybright.android.verse,10293,0,0
1527427271179,1527427222032,kr.co.rinasoft.howuse,10251,0,0
1527427271180,1527427241550,com.android.systemui,10007,0,0
1527427271180,1527426025049,android,1000,0,0
1527427271181,1527427264630,com.facebook.orca,10292,0,0
1527427274886,1527427265625,com.facebook.orca,10292,0,0
1527427274887,1527379250773,com.saltybright.android.verse,10293,0,0
1527427274888,1527427222032,kr.co.rinasoft.howuse,10251,0,0
1527427274889,1527427271653,com.android.systemui,10007,0,0
1527427274890,1527426025049,android,1000,0,0
1527427274890,1527427264630,com.facebook.orca,10292,0,0
1527427280056,1527427265625,com.facebook.orca,10292,0,0
1527427280057,1527379250773,com.saltybright.android.verse,10293,0,0
1527427280058,1527427222032,kr.co.rinasoft.howuse,10251,0,0
1527427280059,1527427271653,com.android.systemui,10007,0,0
1527427280060,1527426025049,android,1000,0,0
1527427280061,1527427264630,com.facebook.orca,10292,0,0
1527427283090,1527427265625,com.facebook.orca,10292,0,0
1527427283091,1527379250773,com.saltybright.android.verse,10293,0,0
1527427283091,1527427222032,kr.co.rinasoft.howuse,10251,0,0
1527427283092,1527427271653,com.android.systemui,10007,0,0
1527427283092,1527426025049,android,1000,0,0
1527427283093,1527427264630,com.facebook.orca,10292,0,0
1527427285893,1527427265625,com.facebook.orca,10292,0,0
1527427285895,1527379250773,com.saltybright.android.verse,10293,0,0
1527427285896,1527427284380,kr.co.rinasoft.howuse,10251,0,0
1527427285897,1527427271653,com.android.systemui,10007,0,0
1527427285898,1527426025049,android,1000,0,0
1527427285899,1527427264630,com.facebook.orca,10292,0,0
1527427288585,1527427265625,com.facebook.orca,10292,0,0
1527427288586,1527379250773,com.saltybright.android.verse,10293,0,0
1527427288587,1527427284380,kr.co.rinasoft.howuse,10251,0,0
1527427288588,1527427271653,com.android.systemui,10007,0,0
1527427288589,1527426025049,android,1000,0,0
1527427288589,1527427264630,com.facebook.orca,10292,0,0
1527427291099,1527427265625,com.facebook.orca,10292,0,0
1527427291100,1527379250773,com.saltybright.android.verse,10293,0,0
1527427291101,1527427284380,kr.co.rinasoft.howuse,10251,0,0
1527427291102,1527427271653,com.android.systemui,10007,0,0
1527427291103,1527426025049,android,1000,0,0
1527427291104,1527427264630,com.facebook.orca,10292,0,0
1527427294261,1527427265625,com.facebook.orca,10292,0,0
1527427294262,1527379250773,com.saltybright.android.verse,10293,0,0
1527427294263,1527427284380,kr.co.rinasoft.howuse,10251,0,0
1527427294263,1527427271653,com.android.systemui,10007,0,0
1527427294264,1527426025049,android,1000,0,0
1527427294265,1527427264630,com.facebook.orca,10292,0,0
1527427297156,1527427265625,com.facebook.orca,10292,0,0
1527427297157,1527379250773,com.saltybright.android.verse,10293,0,0
1527427297158,1527427284380,kr.co.rinasoft.howuse,10251,0,0
1527427297159,1527427271653,com.android.systemui,10007,0,0
1527427297160,1527426025049,android,1000,0,0
1527427297161,1527427264630,com.facebook.orca,10292,0,0
1527427300007,1527427265625,com.facebook.orca,10292,0,0
1527427300009,1527379250773,com.saltybright.android.verse,10293,0,0
1527427300009,1527427284380,kr.co.rinasoft.howuse,10251,0,0
1527427300010,1527427271653,com.android.systemui,10007,0,0
1527427300011,1527426025049,android,1000,0,0
1527427300012,1527427264630,com.facebook.orca,10292,0,0
1527427323325,1527427265625,com.facebook.orca,10292,0,0
1527427323326,1527379250773,com.saltybright.android.verse,10293,0,0
1527427323327,1527427284380,kr.co.rinasoft.howuse,10251,0,0
1527427323328,1527427321977,com.android.systemui,10007,0,0
1527427323329,1527426025049,android,1000,0,0
1527427323330,1527427264630,com.facebook.orca,10292,0,0
1527427324440,1527427265625,com.facebook.orca,10292,1,0
1527427334654,1527427331540,com.facebook.orca,10292,0,0
1527427334655,1527379250773,com.saltybright.android.verse,10293,0,0
1527427334656,1527427284380,kr.co.rinasoft.howuse,10251,0,0
1527427334657,1527427321977,com.android.systemui,10007,0,0
1527427334658,1527426025049,android,1000,0,0
1527427334659,1527427264630,com.facebook.orca,10292,0,0
1527427406568,1527427354684,com.facebook.orca,10292,0,0
1527427406569,1527379250773,com.saltybright.android.verse,10293,0,0
1527427406569,1527427369003,kr.co.rinasoft.howuse,10251,0,0
1527427406570,1527427382397,com.android.systemui,10007,0,0
1527427406570,1527426025049,android,1000,0,0
1527427406571,1527427264630,com.facebook.orca,10292,0,0
1527427497622,1527427354684,com.facebook.orca,10292,0,0
1527427497623,1527379250773,com.saltybright.android.verse,10293,0,0
1527427497624,1527427453928,kr.co.rinasoft.howuse,10251,0,0
1527427497625,1527427483001,com.android.systemui,10007,0,0
1527427497626,1527426025049,android,1000,0,0
1527427497632,1527427264630,com.facebook.orca,10292,0,0
1527427525835,1527427354684,com.facebook.orca,10292,1,0
1527427691422,1527379250773,com.saltybright.android.verse,10293,0,0
1527427691424,1527427519711,kr.co.rinasoft.howuse,10251,0,0
1527427691425,1527427674127,com.android.systemui,10007,0,0
1527427691426,1527426025049,android,1000,0,0
1527427691427,1527427264630,com.facebook.orca,10292,0,0
1527428347059,1527427914456,com.google.android.gm,10125,0,0
1527428347061,1527427914484,com.google.android.gm,10125,0,0
1527428347062,1527379250773,com.saltybright.android.verse,10293,0,0
1527428347062,1527427519711,kr.co.rinasoft.howuse,10251,0,0
1527428347063,1527428327979,com.android.systemui,10007,0,0
1527428347063,1527426025049,android,1000,0,0
1527428347064,1527427264630,com.facebook.orca,10292,0,0
1527428350229,1527427914456,com.google.android.gm,10125,1,0
1527428350237,1527427914484,com.google.android.gm,10125,1,0
1527428484836,1527379250773,com.saltybright.android.verse,10293,0,0
1527428484837,1527428356070,kr.co.rinasoft.howuse,10251,0,0
1527428484837,1527428478871,com.android.systemui,10007,0,0
1527428484838,1527426025049,android,1000,0,0
1527428484840,1527427264630,com.facebook.orca,10292,0,0
1527428489397,1527428489133,com.facebook.orca,10292,1,0
1527428557955,1527428557794,com.kakao.talk,10194,0,0
1527428557959,1527379250773,com.saltybright.android.verse,10293,0,0
1527428557961,1527428356070,kr.co.rinasoft.howuse,10251,0,0
1527428557962,1527428539202,com.android.systemui,10007,0,0
1527428557962,1527426025049,android,1000,0,0
1527428568969,1527428557794,com.kakao.talk,10194,0,0
1527428568970,1527379250773,com.saltybright.android.verse,10293,0,0
1527428568971,1527428561819,kr.co.rinasoft.howuse,10251,0,0
1527428568973,1527428559270,com.android.systemui,10007,0,0
1527428568973,1527426025049,android,1000,0,0
1527428569942,1527428557794,com.kakao.talk,10194,1,0
1527428766174,1527379250773,com.saltybright.android.verse,10293,0,0
1527428766175,1527428561819,kr.co.rinasoft.howuse,10251,0,0
1527428766176,1527428760453,com.android.systemui,10007,0,0
1527428766178,1527426025049,android,1000,0,0
1527428845152,1527428845079,gogolook.callgogolook2,10287,1,0
1527428846762,1527428846326,com.samsung.android.incallui,1001,0,0
1527428846765,1527379250773,com.saltybright.android.verse,10293,0,0
1527428846766,1527428767139,kr.co.rinasoft.howuse,10251,0,0
1527428846767,1527428840946,com.android.systemui,10007,0,0
1527428846768,1527426025049,android,1000,0,0
1527428851177,1527428850673,gogolook.callgogolook2,10287,1,0
1527428851216,1527428847446,com.samsung.android.incallui,1001,1,0
1527428903778,1527428903549,com.samsung.android.incallui,1001,0,0
1527428903779,1527379250773,com.saltybright.android.verse,10293,0,0
1527428903779,1527428767139,kr.co.rinasoft.howuse,10251,0,0
1527428903780,1527428881208,com.android.systemui,10007,0,0
1527428903780,1527426025049,android,1000,0,0
1527428904714,1527428904449,com.samsung.android.incallui,1001,1,0
1527428904759,1527428904622,gogolook.callgogolook2,10287,1,0
1527429024536,1527429021008,com.google.android.gm,10125,0,0
1527429024537,1527429021034,com.google.android.gm,10125,0,0
1527429024539,1527428905079,com.samsung.android.incallui,1001,0,0
1527429024540,1527379250773,com.saltybright.android.verse,10293,0,0
1527429024541,1527428767139,kr.co.rinasoft.howuse,10251,0,0
1527429024541,1527429012022,com.android.systemui,10007,0,0
1527429024542,1527426025049,android,1000,0,0
1527429126245,1527429021008,com.google.android.gm,10125,0,0
1527429126246,1527429021034,com.google.android.gm,10125,0,0
1527429126247,1527428905079,com.samsung.android.incallui,1001,0,0
1527429126248,1527379250773,com.saltybright.android.verse,10293,0,0
1527429126248,1527428767139,kr.co.rinasoft.howuse,10251,0,0
1527429126249,1527429122688,com.android.systemui,10007,0,0
1527429126249,1527426025049,android,1000,0,0
1527429475656,1527429021008,com.google.android.gm,10125,0,0
1527429475656,1527429021034,com.google.android.gm,10125,0,0
1527429475657,1527428905079,com.samsung.android.incallui,1001,0,0
1527429475659,1527379250773,com.saltybright.android.verse,10293,0,0
1527429475660,1527429154662,kr.co.rinasoft.howuse,10251,0,0
1527429475661,1527429474784,com.android.systemui,10007,0,0
1527429475661,1527426025049,android,1000,0,0
1527429497334,1527429497296,com.blinkslabs.blinkist.android,10305,1,0
1527429550602,1527429474784,com.android.systemui,10007,1,0
1527429551126,1527429021008,com.google.android.gm,10125,0,0
1527429551127,1527429021034,com.google.android.gm,10125,0,0
1527429551127,1527428905079,com.samsung.android.incallui,1001,0,0
1527429551128,1527379250773,com.saltybright.android.verse,10293,0,0
1527429551129,1527429517825,kr.co.rinasoft.howuse,10251,0,0
1527429551131,1527426025049,android,1000,0,0
1527429551675,1527426025049,android,1000,1,0
1527429826707,1527429826577,com.blinkslabs.blinkist.android,10305,1,0
1527429827981,1527429827825,com.blinkslabs.blinkist.android,10305,1,0
1527429974610,1527429974298,com.blinkslabs.blinkist.android,10305,1,0
1527430019374,1527429021008,com.google.android.gm,10125,0,0
1527430019405,1527429021034,com.google.android.gm,10125,0,0
1527430019413,1527428905079,com.samsung.android.incallui,1001,0,0
1527430019420,1527379250773,com.saltybright.android.verse,10293,0,0
1527430019425,1527429517825,kr.co.rinasoft.howuse,10251,0,0
1527430094121,1527429021008,com.google.android.gm,10125,0,0
1527430094124,1527429021034,com.google.android.gm,10125,0,0
1527430094125,1527428905079,com.samsung.android.incallui,1001,0,0
1527430094126,1527379250773,com.saltybright.android.verse,10293,0,0
1527430094126,1527429517825,kr.co.rinasoft.howuse,10251,0,0
1527430470834,1527430470720,com.blinkslabs.blinkist.android,10305,1,0
1527430471669,1527430471603,com.blinkslabs.blinkist.android,10305,1,0
1527430653202,1527430653137,com.blinkslabs.blinkist.android,10305,1,0
1527431218051,1527431037409,com.nhn.android.band,10209,0,0
1527431218055,1527431037386,com.nhn.android.band,10209,0,0
1527431218057,1527429021008,com.google.android.gm,10125,0,0
1527431218059,1527429021034,com.google.android.gm,10125,0,0
1527431218062,1527431133845,com.kakao.talk,10194,0,0
1527431218063,1527428905079,com.samsung.android.incallui,1001,0,0
1527431218064,1527379250773,com.saltybright.android.verse,10293,0,0
1527431218065,1527429517825,kr.co.rinasoft.howuse,10251,0,0
1527431219505,1527429021008,com.google.android.gm,10125,1,0
1527431219526,1527429021034,com.google.android.gm,10125,1,0
1527434779981,1527434361771,com.facebook.katana,10275,0,0
1527434779984,1527431037409,com.nhn.android.band,10209,0,0
1527434779987,1527431037386,com.nhn.android.band,10209,0,0
1527434779989,1527431133845,com.kakao.talk,10194,0,0
1527434779991,1527428905079,com.samsung.android.incallui,1001,0,0
1527434779992,1527379250773,com.saltybright.android.verse,10293,0,0
1527434779993,1527434779953,kr.co.rinasoft.howuse,10251,0,0
1527434785164,1527434361771,com.facebook.katana,10275,0,0
1527434785167,1527431037409,com.nhn.android.band,10209,0,0
1527434785168,1527431037386,com.nhn.android.band,10209,0,0
1527434785169,1527431133845,com.kakao.talk,10194,0,0
1527434785170,1527428905079,com.samsung.android.incallui,1001,0,0
1527434785171,1527379250773,com.saltybright.android.verse,10293,0,0
1527434785172,1527434779953,kr.co.rinasoft.howuse,10251,0,0
1527437430376,1527434361771,com.facebook.katana,10275,0,0
1527437430379,1527431037409,com.nhn.android.band,10209,0,0
1527437430380,1527431037386,com.nhn.android.band,10209,0,0
1527437430388,1527431133845,com.kakao.talk,10194,0,0
1527437430390,1527428905079,com.samsung.android.incallui,1001,0,0
1527437430391,1527379250773,com.saltybright.android.verse,10293,0,0
1527437430392,1527434779953,kr.co.rinasoft.howuse,10251,0,0
1527437536660,1527434361771,com.facebook.katana,10275,0,0
1527437536663,1527431037409,com.nhn.android.band,10209,0,0
1527437536663,1527431037386,com.nhn.android.band,10209,0,0
1527437536664,1527431133845,com.kakao.talk,10194,0,0
1527437536665,1527428905079,com.samsung.android.incallui,1001,0,0
1527437536665,1527379250773,com.saltybright.android.verse,10293,0,0
1527437536666,1527437504433,kr.co.rinasoft.howuse,10251,0,0
1527442029820,1527434361771,com.facebook.katana,10275,0,0
1527442029834,1527431037409,com.nhn.android.band,10209,0,0
1527442029835,1527431037386,com.nhn.android.band,10209,0,0
1527442029837,1527431133845,com.kakao.talk,10194,0,0
1527442029840,1527438355942,com.instagram.android,10285,0,0
1527442029841,1527428905079,com.samsung.android.incallui,1001,0,0
1527442029842,1527379250773,com.saltybright.android.verse,10293,0,0
1527442029843,1527442019665,kr.co.rinasoft.howuse,10251,0,0
1527442205519,1527434361771,com.facebook.katana,10275,0,0
1527442205525,1527431037409,com.nhn.android.band,10209,0,0
1527442205527,1527431037386,com.nhn.android.band,10209,0,0
1527442205527,1527431133845,com.kakao.talk,10194,0,0
1527442205528,1527438355942,com.instagram.android,10285,0,0
1527442205531,1527428905079,com.samsung.android.incallui,1001,0,0
1527442205532,1527379250773,com.saltybright.android.verse,10293,0,0
1527442205533,1527442150989,kr.co.rinasoft.howuse,10251,0,0
1527442265390,1527442264691,com.android.providers.downloads,10028,1,0
1527442329371,1527442282108,com.android.vending,10040,1,0
1527442856724,1527438355942,com.instagram.android,10285,1,0
1527446553224,1527446483300,com.sec.android.app.samsungapps,10025,1,1
1527446636090,1527446553963,com.sec.android.app.samsungapps,10025,1,1
1527446730664,1527446650448,com.sec.android.app.samsungapps,10025,1,1
1527446731228,1527446548859,com.sec.android.app.samsungapps,10025,1,1
1527446731364,1527446633344,com.sec.android.app.samsungapps,10025,1,1
1527446731404,1527446728999,com.sec.android.app.samsungapps,10025,1,1
1527458404239,1527434361771,com.facebook.katana,10275,0,1
1527458404244,1527446675693,com.sec.android.daemonapp,10150,0,1
1527458404245,1527431037409,com.nhn.android.band,10209,0,1
1527458404246,1527431037386,com.nhn.android.band,10209,0,1
1527458404246,1527431133845,com.kakao.talk,10194,0,1
1527458404247,1527458401158,com.sec.android.app.clockpackage,10176,0,1
1527458404247,1527446525871,com.google.android.apps.photos,10158,0,1
1527458404248,1527428905079,com.samsung.android.incallui,1001,0,1
1527458404248,1527379250773,com.saltybright.android.verse,10293,0,1
1527458404249,1527442327077,com.android.vending,10040,0,1
1527458404249,1527458402310,msnl.unist.smartpushscheduler,10310,0,1
1527458404250,1527442150989,kr.co.rinasoft.howuse,10251,0,1
1527458425878,1527458401158,com.sec.android.app.clockpackage,10176,1,1
1527460202354,1527434361771,com.facebook.katana,10275,0,1
1527460202359,1527446675693,com.sec.android.daemonapp,10150,0,1
1527460202360,1527431037409,com.nhn.android.band,10209,0,1
1527460202361,1527431037386,com.nhn.android.band,10209,0,1
1527460202362,1527431133845,com.kakao.talk,10194,0,1
1527460202362,1527460201002,com.sec.android.app.clockpackage,10176,0,1
1527460202363,1527446525871,com.google.android.apps.photos,10158,0,1
1527460202364,1527428905079,com.samsung.android.incallui,1001,0,1
1527460202365,1527379250773,com.saltybright.android.verse,10293,0,1
1527460202365,1527442327077,com.android.vending,10040,0,1
1527460202366,1527458407362,kr.co.rinasoft.howuse,10251,0,1
1527460202368,1527460201886,msnl.unist.smartpushscheduler,10310,0,1
1527460269621,1527460201002,com.sec.android.app.clockpackage,10176,1,1
1527460501006,1527460269656,com.sec.android.app.clockpackage,10176,1,1
1527460503364,1527434361771,com.facebook.katana,10275,0,1
1527460503365,1527446675693,com.sec.android.daemonapp,10150,0,1
1527460503366,1527431037409,com.nhn.android.band,10209,0,1
1527460503367,1527431037386,com.nhn.android.band,10209,0,1
1527460503369,1527431133845,com.kakao.talk,10194,0,1
1527460503369,1527460500993,com.sec.android.app.clockpackage,10176,0,1
1527460503370,1527446525871,com.google.android.apps.photos,10158,0,1
1527460503371,1527428905079,com.samsung.android.incallui,1001,0,1
1527460503372,1527379250773,com.saltybright.android.verse,10293,0,1
1527460503373,1527442327077,com.android.vending,10040,0,1
1527460503373,1527460300480,kr.co.rinasoft.howuse,10251,0,1
1527460503374,1527460308692,msnl.unist.smartpushscheduler,10310,0,1
1527460511964,1527460500993,com.sec.android.app.clockpackage,10176,1,1
1527460800980,1527460511993,com.sec.android.app.clockpackage,10176,1,1
1527460801785,1527434361771,com.facebook.katana,10275,0,1
1527460801786,1527446675693,com.sec.android.daemonapp,10150,0,1
1527460801787,1527431037409,com.nhn.android.band,10209,0,1
1527460801787,1527431037386,com.nhn.android.band,10209,0,1
1527460801788,1527431133845,com.kakao.talk,10194,0,1
1527460801788,1527460800963,com.sec.android.app.clockpackage,10176,0,1
1527460801789,1527446525871,com.google.android.apps.photos,10158,0,1
1527460801789,1527428905079,com.samsung.android.incallui,1001,0,1
1527460801790,1527379250773,com.saltybright.android.verse,10293,0,1
1527460801791,1527442327077,com.android.vending,10040,0,1
1527460801791,1527460534659,kr.co.rinasoft.howuse,10251,0,1
1527460801793,1527460517387,msnl.unist.smartpushscheduler,10310,0,1
1527460810800,1527460800963,com.sec.android.app.clockpackage,10176,1,1
1527460821623,1527431133845,com.kakao.talk,10194,1,1
1527461480369,1527434361771,com.facebook.katana,10275,0,1
1527461480371,1527446675693,com.sec.android.daemonapp,10150,0,1
1527461480372,1527431037409,com.nhn.android.band,10209,0,1
1527461480373,1527431037386,com.nhn.android.band,10209,0,1
1527461480374,1527446525871,com.google.android.apps.photos,10158,0,1
1527461480374,1527428905079,com.samsung.android.incallui,1001,0,1
1527461480375,1527379250773,com.saltybright.android.verse,10293,0,1
1527461480376,1527442327077,com.android.vending,10040,0,1
1527461480376,1527460534659,kr.co.rinasoft.howuse,10251,0,1
1527461480377,1527461479732,msnl.unist.smartpushscheduler,10310,0,1
1527461486138,1527434361771,com.facebook.katana,10275,0,1
1527461486138,1527446675693,com.sec.android.daemonapp,10150,0,1
1527461486139,1527431037409,com.nhn.android.band,10209,0,1
1527461486140,1527431037386,com.nhn.android.band,10209,0,1
1527461486140,1527446525871,com.google.android.apps.photos,10158,0,1
1527461486141,1527428905079,com.samsung.android.incallui,1001,0,1
1527461486142,1527379250773,com.saltybright.android.verse,10293,0,1
1527461486142,1527442327077,com.android.vending,10040,0,1
1527461486143,1527460534659,kr.co.rinasoft.howuse,10251,0,1
1527461486144,1527461480379,msnl.unist.smartpushscheduler,10310,0,1
1527462002234,1527434361771,com.facebook.katana,10275,0,0
1527462002235,1527446675693,com.sec.android.daemonapp,10150,0,0
1527462002236,1527431037409,com.nhn.android.band,10209,0,0
1527462002237,1527431037386,com.nhn.android.band,10209,0,0
1527462002238,1527462001047,com.sec.android.app.clockpackage,10176,0,0
1527462002239,1527446525871,com.google.android.apps.photos,10158,0,0
1527462002241,1527428905079,com.samsung.android.incallui,1001,0,0
1527462002242,1527379250773,com.saltybright.android.verse,10293,0,0
1527462002242,1527442327077,com.android.vending,10040,0,0
1527462002242,1527461612426,kr.co.rinasoft.howuse,10251,0,0
1527462002244,1527461756273,msnl.unist.smartpushscheduler,10310,0,0
1527462009121,1527462001047,com.sec.android.app.clockpackage,10176,1,0
1527462600814,1527462600366,com.kakao.talk,10194,0,0
1527462600817,1527434361771,com.facebook.katana,10275,0,0
1527462600818,1527446675693,com.sec.android.daemonapp,10150,0,0
1527462600819,1527431037409,com.nhn.android.band,10209,0,0
1527462600820,1527431037386,com.nhn.android.band,10209,0,0
1527462600820,1527446525871,com.google.android.apps.photos,10158,0,0
1527462600821,1527428905079,com.samsung.android.incallui,1001,0,0
1527462600821,1527379250773,com.saltybright.android.verse,10293,0,0
1527462600822,1527442327077,com.android.vending,10040,0,0
1527462600828,1527462331628,msnl.unist.smartpushscheduler,10310,0,0
1527462600831,1527461612426,kr.co.rinasoft.howuse,10251,0,0
1527462712392,1527462605175,com.kakao.talk,10194,0,0
1527462712394,1527434361771,com.facebook.katana,10275,0,0
1527462712395,1527446675693,com.sec.android.daemonapp,10150,0,0
1527462712397,1527431037409,com.nhn.android.band,10209,0,0
1527462712399,1527431037386,com.nhn.android.band,10209,0,0
1527462712400,1527446525871,com.google.android.apps.photos,10158,0,0
1527462712401,1527428905079,com.samsung.android.incallui,1001,0,0
1527462712402,1527379250773,com.saltybright.android.verse,10293,0,0
1527462712402,1527442327077,com.android.vending,10040,0,0
1527462712403,1527462331628,msnl.unist.smartpushscheduler,10310,0,0
1527462712404,1527461612426,kr.co.rinasoft.howuse,10251,0,0
1527462860040,1527462605175,com.kakao.talk,10194,0,0
1527462860043,1527434361771,com.facebook.katana,10275,0,0
1527462860044,1527446675693,com.sec.android.daemonapp,10150,0,0
1527462860046,1527431037409,com.nhn.android.band,10209,0,0
1527462860047,1527431037386,com.nhn.android.band,10209,0,0
1527462860050,1527446525871,com.google.android.apps.photos,10158,0,0
1527462860051,1527428905079,com.samsung.android.incallui,1001,0,0
1527462860052,1527379250773,com.saltybright.android.verse,10293,0,0
1527462860054,1527442327077,com.android.vending,10040,0,0
1527462860055,1527462331628,msnl.unist.smartpushscheduler,10310,0,0
1527462860056,1527461612426,kr.co.rinasoft.howuse,10251,0,0
1527462868747,1527462605175,com.kakao.talk,10194,1,0
1527462876872,1527434361771,com.facebook.katana,10275,0,0
1527462876873,1527446675693,com.sec.android.daemonapp,10150,0,0
1527462876873,1527431037409,com.nhn.android.band,10209,0,0
1527462876874,1527431037386,com.nhn.android.band,10209,0,0
1527462876875,1527446525871,com.google.android.apps.photos,10158,0,0
1527462876875,1527428905079,com.samsung.android.incallui,1001,0,0
1527462876876,1527379250773,com.saltybright.android.verse,10293,0,0
1527462876876,1527442327077,com.android.vending,10040,0,0
1527462876877,1527462864020,kr.co.rinasoft.howuse,10251,0,0
1527462876877,1527462331628,msnl.unist.smartpushscheduler,10310,0,0
1527462882448,1527434361771,com.facebook.katana,10275,0,0
1527462882449,1527446675693,com.sec.android.daemonapp,10150,0,0
1527462882449,1527431037409,com.nhn.android.band,10209,0,0
1527462882449,1527431037386,com.nhn.android.band,10209,0,0
1527462882450,1527446525871,com.google.android.apps.photos,10158,0,0
1527462882450,1527428905079,com.samsung.android.incallui,1001,0,0
1527462882451,1527379250773,com.saltybright.android.verse,10293,0,0
1527462882451,1527442327077,com.android.vending,10040,0,0
1527462882452,1527462864020,kr.co.rinasoft.howuse,10251,0,0
1527462882452,1527462331628,msnl.unist.smartpushscheduler,10310,0,0
1527463061462,1527463061241,com.wr.alrim,10197,0,0
1527463061463,1527463061129,com.wr.alrim,10197,0,0
1527463061463,1527434361771,com.facebook.katana,10275,0,0
1527463061464,1527446675693,com.sec.android.daemonapp,10150,0,0
1527463061464,1527431037409,com.nhn.android.band,10209,0,0
1527463061464,1527431037386,com.nhn.android.band,10209,0,0
1527463061465,1527446525871,com.google.android.apps.photos,10158,0,0
1527463061465,1527428905079,com.samsung.android.incallui,1001,0,0
1527463061466,1527379250773,com.saltybright.android.verse,10293,0,0
1527463061466,1527442327077,com.android.vending,10040,0,0
1527463061467,1527462864020,kr.co.rinasoft.howuse,10251,0,0
1527463061467,1527462331628,msnl.unist.smartpushscheduler,10310,0,0
1527463653781,1527463061241,com.wr.alrim,10197,0,0
1527463653784,1527463061129,com.wr.alrim,10197,0,0
1527463653785,1527434361771,com.facebook.katana,10275,0,0
1527463653785,1527446675693,com.sec.android.daemonapp,10150,0,0
1527463653790,1527431037409,com.nhn.android.band,10209,0,0
1527463653792,1527431037386,com.nhn.android.band,10209,0,0
1527463653793,1527446525871,com.google.android.apps.photos,10158,0,0
1527463653794,1527428905079,com.samsung.android.incallui,1001,0,0
1527463653796,1527379250773,com.saltybright.android.verse,10293,0,0
1527463653796,1527442327077,com.android.vending,10040,0,0
1527463653797,1527462864020,kr.co.rinasoft.howuse,10251,0,0
1527463653797,1527462331628,msnl.unist.smartpushscheduler,10310,0,0
1527463802438,1527463061241,com.wr.alrim,10197,0,0
1527463802440,1527463061129,com.wr.alrim,10197,0,0
1527463802441,1527434361771,com.facebook.katana,10275,0,0
1527463802441,1527446675693,com.sec.android.daemonapp,10150,0,0
1527463802442,1527431037409,com.nhn.android.band,10209,0,0
1527463802443,1527431037386,com.nhn.android.band,10209,0,0
1527463802443,1527463801844,com.nhn.android.music,10210,0,0
1527463802444,1527463801128,com.sec.android.app.clockpackage,10176,0,0
1527463802445,1527446525871,com.google.android.apps.photos,10158,0,0
1527463802446,1527428905079,com.samsung.android.incallui,1001,0,0
1527463802446,1527379250773,com.saltybright.android.verse,10293,0,0
1527463802447,1527442327077,com.android.vending,10040,0,0
1527463802447,1527463661793,kr.co.rinasoft.howuse,10251,0,0
1527463802448,1527462331628,msnl.unist.smartpushscheduler,10310,0,0
1527463803539,1527463801128,com.sec.android.app.clockpackage,10176,1,0
1527464460734,1527463061241,com.wr.alrim,10197,0,0
1527464460738,1527463061129,com.wr.alrim,10197,0,0
1527464460740,1527434361771,com.facebook.katana,10275,0,0
1527464460741,1527446675693,com.sec.android.daemonapp,10150,0,0
1527464460743,1527431037409,com.nhn.android.band,10209,0,0
1527464460744,1527431037386,com.nhn.android.band,10209,0,0
1527464460745,1527464404566,com.nhn.android.music,10210,0,0
1527464460746,1527446525871,com.google.android.apps.photos,10158,0,0
1527464460747,1527428905079,com.samsung.android.incallui,1001,0,0
1527464460749,1527379250773,com.saltybright.android.verse,10293,0,0
1527464460750,1527442327077,com.android.vending,10040,0,0
1527464460751,1527463813342,kr.co.rinasoft.howuse,10251,0,0
1527464460752,1527462331628,msnl.unist.smartpushscheduler,10310,0,0
1527465103929,1527465009108,kr.co.rinasoft.howuse,10251,0,0
1527465103930,1527463061241,com.wr.alrim,10197,0,0
1527465103930,1527463061129,com.wr.alrim,10197,0,0
1527465103931,1527434361771,com.facebook.katana,10275,0,0
1527465103931,1527446675693,com.sec.android.daemonapp,10150,0,0
1527465103932,1527431037409,com.nhn.android.band,10209,0,0
1527465103932,1527431037386,com.nhn.android.band,10209,0,0
1527465103933,1527464460940,com.nhn.android.music,10210,0,0
1527465103934,1527446525871,com.google.android.apps.photos,10158,0,0
1527465103934,1527428905079,com.samsung.android.incallui,1001,0,0
1527465103934,1527379250773,com.saltybright.android.verse,10293,0,0
1527465103935,1527442327077,com.android.vending,10040,0,0
1527465103936,1527463813342,kr.co.rinasoft.howuse,10251,0,0
1527465103936,1527462331628,msnl.unist.smartpushscheduler,10310,0,0
1527465601888,1527465009108,kr.co.rinasoft.howuse,10251,0,0
1527465601889,1527463061241,com.wr.alrim,10197,0,0
1527465601889,1527463061129,com.wr.alrim,10197,0,0
1527465601890,1527434361771,com.facebook.katana,10275,0,0
1527465601891,1527446675693,com.sec.android.daemonapp,10150,0,0
1527465601891,1527431037409,com.nhn.android.band,10209,0,0
1527465601892,1527431037386,com.nhn.android.band,10209,0,0
1527465601894,1527464460940,com.nhn.android.music,10210,0,0
1527465601895,1527465600926,com.sec.android.app.clockpackage,10176,0,0
1527465601895,1527446525871,com.google.android.apps.photos,10158,0,0
1527465601896,1527428905079,com.samsung.android.incallui,1001,0,0
1527465601896,1527379250773,com.saltybright.android.verse,10293,0,0
1527465601897,1527442327077,com.android.vending,10040,0,0
1527465601897,1527463813342,kr.co.rinasoft.howuse,10251,0,0
1527465601898,1527462331628,msnl.unist.smartpushscheduler,10310,0,0
1527465778141,1527465600926,com.sec.android.app.clockpackage,10176,1,0
1527465936904,1527465009108,kr.co.rinasoft.howuse,10251,0,0
1527465936906,1527463061241,com.wr.alrim,10197,0,0
1527465936907,1527463061129,com.wr.alrim,10197,0,0
1527465936908,1527434361771,com.facebook.katana,10275,0,0
1527465936908,1527446675693,com.sec.android.daemonapp,10150,0,0
1527465936909,1527431037409,com.nhn.android.band,10209,0,0
1527465936909,1527431037386,com.nhn.android.band,10209,0,0
1527465936910,1527464460940,com.nhn.android.music,10210,0,0
1527465936911,1527465623225,com.saltybright.android.verse,10293,0,0
1527465936912,1527446525871,com.google.android.apps.photos,10158,0,0
1527465936912,1527428905079,com.samsung.android.incallui,1001,0,0
1527465936913,1527442327077,com.android.vending,10040,0,0
1527465936913,1527465757040,kr.co.rinasoft.howuse,10251,0,0
1527465936914,1527462331628,msnl.unist.smartpushscheduler,10310,0,0
1527466703770,1527466703389,com.kakao.talk,10194,0,0
1527466703771,1527465009108,kr.co.rinasoft.howuse,10251,0,0
1527466703772,1527463061241,com.wr.alrim,10197,0,0
1527466703773,1527463061129,com.wr.alrim,10197,0,0
1527466703773,1527434361771,com.facebook.katana,10275,0,0
1527466703774,1527446675693,com.sec.android.daemonapp,10150,0,0
1527466703775,1527431037409,com.nhn.android.band,10209,0,0
1527466703776,1527431037386,com.nhn.android.band,10209,0,0
1527466703777,1527464460940,com.nhn.android.music,10210,0,0
1527466703778,1527465623225,com.saltybright.android.verse,10293,0,0
1527466703779,1527446525871,com.google.android.apps.photos,10158,0,0
1527466703779,1527428905079,com.samsung.android.incallui,1001,0,0
1527466703780,1527442327077,com.android.vending,10040,0,0
1527466703781,1527466095961,kr.co.rinasoft.howuse,10251,0,0
1527466703782,1527462331628,msnl.unist.smartpushscheduler,10310,0,0
1527466708994,1527464460940,com.nhn.android.music,10210,1,0
1527467621777,1527466703389,com.kakao.talk,10194,0,0
1527467621778,1527465009108,kr.co.rinasoft.howuse,10251,0,0
1527467621779,1527463061241,com.wr.alrim,10197,0,0
1527467621781,1527463061129,com.wr.alrim,10197,0,0
1527467621782,1527434361771,com.facebook.katana,10275,0,0
1527467621784,1527446675693,com.sec.android.daemonapp,10150,0,0
1527467621787,1527431037409,com.nhn.android.band,10209,0,0
1527467621788,1527431037386,com.nhn.android.band,10209,0,0
1527467621790,1527465623225,com.saltybright.android.verse,10293,0,0
1527467621790,1527446525871,com.google.android.apps.photos,10158,0,0
1527467621791,1527428905079,com.samsung.android.incallui,1001,0,0
1527467621792,1527442327077,com.android.vending,10040,0,0
1527467621792,1527466095961,kr.co.rinasoft.howuse,10251,0,0
1527467621793,1527462331628,msnl.unist.smartpushscheduler,10310,0,0
1527467677168,1527467677087,com.nhn.android.band,10209,1,0
1527467786674,1527466703389,com.kakao.talk,10194,0,0
1527467786675,1527465009108,kr.co.rinasoft.howuse,10251,0,0
1527467786676,1527463061241,com.wr.alrim,10197,0,0
1527467786677,1527463061129,com.wr.alrim,10197,0,0
1527467786678,1527434361771,com.facebook.katana,10275,0,0
1527467786687,1527446675693,com.sec.android.daemonapp,10150,0,0
1527467786688,1527431037409,com.nhn.android.band,10209,0,0
1527467786689,1527431037386,com.nhn.android.band,10209,0,0
1527467786690,1527465623225,com.saltybright.android.verse,10293,0,0
1527467786691,1527446525871,com.google.android.apps.photos,10158,0,0
1527467786692,1527428905079,com.samsung.android.incallui,1001,0,0
1527467786692,1527442327077,com.android.vending,10040,0,0
1527467786694,1527467667151,kr.co.rinasoft.howuse,10251,0,0
1527467786695,1527462331628,msnl.unist.smartpushscheduler,10310,0,0
1527468865468,1527466703389,com.kakao.talk,10194,0,0
1527468865472,1527465009108,kr.co.rinasoft.howuse,10251,0,0
1527468865476,1527463061241,com.wr.alrim,10197,0,0
1527468865480,1527463061129,com.wr.alrim,10197,0,0
1527468865486,1527434361771,com.facebook.katana,10275,0,0
1527468865489,1527446675693,com.sec.android.daemonapp,10150,0,0
1527468865491,1527431037409,com.nhn.android.band,10209,0,0
1527468865492,1527431037386,com.nhn.android.band,10209,0,0
1527468865496,1527465623225,com.saltybright.android.verse,10293,0,0
1527468865505,1527446525871,com.google.android.apps.photos,10158,0,0
1527468865508,1527428905079,com.samsung.android.incallui,1001,0,0
1527468865513,1527442327077,com.android.vending,10040,0,0
1527468865514,1527467869358,kr.co.rinasoft.howuse,10251,0,0
1527468865518,1527462331628,msnl.unist.smartpushscheduler,10310,0,0
1527468889369,1527446525871,com.google.android.apps.photos,10158,1,0
1527468938506,1527442327077,com.android.vending,10040,1,0
1527468938596,1527428905079,com.samsung.android.incallui,1001,1,0
1527468938643,1527431037386,com.nhn.android.band,10209,1,0
1527468938650,1527431037409,com.nhn.android.band,10209,1,0
1527468938680,1527446675693,com.sec.android.daemonapp,10150,1,0
1527468938709,1527468870529,com.google.android.gm,10125,1,0
1527468938729,1527468870491,com.google.android.gm,10125,1,0
1527468938733,1527434361771,com.facebook.katana,10275,1,0
1527468938737,1527463061129,com.wr.alrim,10197,1,0
1527468938742,1527463061241,com.wr.alrim,10197,1,0
1527468938749,1527465009108,kr.co.rinasoft.howuse,10251,1,0
1527468938754,1527466703389,com.kakao.talk,10194,1,0
1527469091161,1527465623225,com.saltybright.android.verse,10293,0,0
1527469091163,1527468951959,kr.co.rinasoft.howuse,10251,0,0
1527469091164,1527462331628,msnl.unist.smartpushscheduler,10310,0,0
1527469446934,1527465623225,com.saltybright.android.verse,10293,0,0
1527469446939,1527468951959,kr.co.rinasoft.howuse,10251,0,0
1527469446940,1527462331628,msnl.unist.smartpushscheduler,10310,0,0
1527469544572,1527469464980,android,1000,1,0
1527469711283,1527469710347,com.samsung.android.messaging,10083,0,0
1527469711287,1527469710698,com.samsung.android.messaging,10083,0,0
1527469711288,1527469710623,com.samsung.android.messaging,10083,0,0
1527469711291,1527465623225,com.saltybright.android.verse,10293,0,0
1527469711292,1527469486460,kr.co.rinasoft.howuse,10251,0,0
1527469711293,1527462331628,msnl.unist.smartpushscheduler,10310,0,0
1527470185835,1527470185630,gogolook.callgogolook2,10287,1,0
1527470187614,1527470187029,com.samsung.android.incallui,1001,0,0
1527470187615,1527469710347,com.samsung.android.messaging,10083,0,0
1527470187615,1527469710698,com.samsung.android.messaging,10083,0,0
1527470187616,1527469710623,com.samsung.android.messaging,10083,0,0
1527470187617,1527465623225,com.saltybright.android.verse,10293,0,0
1527470187618,1527469486460,kr.co.rinasoft.howuse,10251,0,0
1527470187619,1527462331628,msnl.unist.smartpushscheduler,10310,0,0
1527470193706,1527470193407,gogolook.callgogolook2,10287,1,0
1527470193731,1527470188559,com.samsung.android.incallui,1001,1,0
1527470295454,1527470295133,com.samsung.android.incallui,1001,1,0
1527470295490,1527470295315,gogolook.callgogolook2,10287,1,0
1527470296052,1527469710347,com.samsung.android.messaging,10083,0,0
1527470296054,1527469710698,com.samsung.android.messaging,10083,0,0
1527470296055,1527469710623,com.samsung.android.messaging,10083,0,0
1527470296056,1527470295696,com.samsung.android.incallui,1001,0,0
1527470296057,1527465623225,com.saltybright.android.verse,10293,0,0
1527470296057,1527469486460,kr.co.rinasoft.howuse,10251,0,0
1527470296058,1527462331628,msnl.unist.smartpushscheduler,10310,0,0
1527471890329,1527471883500,com.kakao.talk,10194,1,0
1527472013342,1527471984459,com.kakao.talk,10194,1,0
1527472029321,1527472026159,com.kakao.talk,10194,1,0
1527472587013,1527472168373,com.kakao.talk,10194,1,0
1527472594361,1527472591522,com.kakao.talk,10194,1,0
1527472594412,1527472168960,com.kakao.talk,10194,1,0
1527472626339,1527472597530,com.kakao.talk,10194,1,0
1527473165389,1527472638413,com.kakao.talk,10194,1,0
1527474895071,1527469710347,com.samsung.android.messaging,10083,0,0
1527474895072,1527469710698,com.samsung.android.messaging,10083,0,0
1527474895073,1527469710623,com.samsung.android.messaging,10083,0,0
1527474895073,1527470295696,com.samsung.android.incallui,1001,0,0
1527474895074,1527465623225,com.saltybright.android.verse,10293,0,0
1527474895074,1527469486460,kr.co.rinasoft.howuse,10251,0,0
1527474895075,1527462331628,msnl.unist.smartpushscheduler,10310,0,0
1527475325962,1527469710347,com.samsung.android.messaging,10083,0,0
1527475325964,1527469710698,com.samsung.android.messaging,10083,0,0
1527475325964,1527469710623,com.samsung.android.messaging,10083,0,0
1527475325965,1527470295696,com.samsung.android.incallui,1001,0,0
1527475325965,1527465623225,com.saltybright.android.verse,10293,0,0
1527475325966,1527469486460,kr.co.rinasoft.howuse,10251,0,0
1527475325966,1527462331628,msnl.unist.smartpushscheduler,10310,0,0
1527475328753,1527470295696,com.samsung.android.incallui,1001,1,0
1527475329978,1527469710347,com.samsung.android.messaging,10083,1,0
1527475329992,1527469710623,com.samsung.android.messaging,10083,1,0
1527475329999,1527469710698,com.samsung.android.messaging,10083,1,0
1527475675667,1527475522416,com.kakao.talk,10194,0,0
1527475675671,1527465623225,com.saltybright.android.verse,10293,0,0
1527475675671,1527475515734,kr.co.rinasoft.howuse,10251,0,0
1527475675672,1527462331628,msnl.unist.smartpushscheduler,10310,0,0
1527475739383,1527475522416,com.kakao.talk,10194,1,0
1527476403813,1527476335431,com.google.android.gm,10125,0,0
1527476403814,1527476335466,com.google.android.gm,10125,0,0
1527476403815,1527476127328,com.nhn.android.band,10209,0,0
1527476403817,1527476127287,com.nhn.android.band,10209,0,0
1527476403818,1527476402451,com.sec.android.app.clockpackage,10176,0,0
1527476403818,1527476212659,com.kakao.talk,10194,0,0
1527476403819,1527476212055,com.kakao.talk,10194,0,0
1527476403820,1527475876593,com.kakao.talk,10194,0,0
1527476403821,1527465623225,com.saltybright.android.verse,10293,0,0
1527476403823,1527475694782,kr.co.rinasoft.howuse,10251,0,0
1527476403826,1527462331628,msnl.unist.smartpushscheduler,10310,0,0
1527476444464,1527476402451,com.sec.android.app.clockpackage,10176,1,0
1527479445014,1527476335431,com.google.android.gm,10125,0,0
1527479445016,1527476335466,com.google.android.gm,10125,0,0
1527479445017,1527476127328,com.nhn.android.band,10209,0,0
1527479445018,1527476127287,com.nhn.android.band,10209,0,0
1527479445019,1527478500075,com.kakao.talk,10194,0,0
1527479445019,1527478499480,com.kakao.talk,10194,0,0
1527479445020,1527476212055,com.kakao.talk,10194,0,0
1527479445021,1527475876593,com.kakao.talk,10194,0,0
1527479445022,1527465623225,com.saltybright.android.verse,10293,0,0
1527479445023,1527476434210,kr.co.rinasoft.howuse,10251,0,0
1527479445024,1527462331628,msnl.unist.smartpushscheduler,10310,0,0
1527479454103,1527478499480,com.kakao.talk,10194,1,0
1527479496465,1527479496160,com.kakao.talk,10194,1,0
1527479520253,1527476212055,com.kakao.talk,10194,1,0
1527479525301,1527475876593,com.kakao.talk,10194,1,0
1527479525370,1527479518479,com.kakao.talk,10194,1,0
1527480122464,1527479678053,com.kakao.talk,10194,1,1
1527481458233,1527476335431,com.google.android.gm,10125,0,1
1527481458238,1527476335466,com.google.android.gm,10125,0,1
1527481458244,1527476127328,com.nhn.android.band,10209,0,1
1527481458246,1527476127287,com.nhn.android.band,10209,0,1
1527481458246,1527465623225,com.saltybright.android.verse,10293,0,1
1527481458247,1527480048581,kr.co.rinasoft.howuse,10251,0,1
1527481458249,1527480085995,msnl.unist.smartpushscheduler,10310,0,1
1527481464016,1527476335431,com.google.android.gm,10125,0,1
1527481464018,1527476335466,com.google.android.gm,10125,0,1
1527481464018,1527476127328,com.nhn.android.band,10209,0,1
1527481464019,1527476127287,com.nhn.android.band,10209,0,1
1527481464020,1527465623225,com.saltybright.android.verse,10293,0,1
1527481464020,1527480048581,kr.co.rinasoft.howuse,10251,0,1
1527481464021,1527480085995,msnl.unist.smartpushscheduler,10310,0,1
1527481595745,1527476127287,com.nhn.android.band,10209,1,1
1527481596300,1527476127328,com.nhn.android.band,10209,1,1
1527482154195,1527476335431,com.google.android.gm,10125,0,1
1527482154199,1527476335466,com.google.android.gm,10125,0,1
1527482154200,1527465623225,com.saltybright.android.verse,10293,0,1
1527482154201,1527481605541,kr.co.rinasoft.howuse,10251,0,1
1527482154203,1527481645360,msnl.unist.smartpushscheduler,10310,0,1
1527482157943,1527476335431,com.google.android.gm,10125,1,1
1527482157951,1527476335466,com.google.android.gm,10125,1,1
1527482282909,1527465623225,com.saltybright.android.verse,10293,0,1
1527482282913,1527482281280,android,1000,0,1
1527482282917,1527482235882,kr.co.rinasoft.howuse,10251,0,1
1527482282919,1527482278456,msnl.unist.smartpushscheduler,10310,0,1
1527483753504,1527465623225,com.saltybright.android.verse,10293,0,1
1527483753505,1527483752734,msnl.unist.smartpushscheduler,10310,0,1
1527483753507,1527483749631,com.android.systemui,10007,0,1
1527483753508,1527482281280,android,1000,0,1
1527483753508,1527482235882,kr.co.rinasoft.howuse,10251,0,1
1527483828378,1527482281280,android,1000,1,1
1527484251207,1527465623225,com.saltybright.android.verse,10293,0,1
1527484251208,1527483828387,android,1000,0,1
1527484251209,1527483775534,kr.co.rinasoft.howuse,10251,0,1
1527484251210,1527484249647,msnl.unist.smartpushscheduler,10310,0,1
1527484251211,1527484222343,com.android.systemui,10007,0,1
1527484252314,1527483828387,android,1000,1,1
1527484770330,1527465623225,com.saltybright.android.verse,10293,0,1
1527484770335,1527484322805,kr.co.rinasoft.howuse,10251,0,1
1527484770339,1527484252271,android,1000,0,1
1527484770340,1527484768301,msnl.unist.smartpushscheduler,10310,0,1
1527484770343,1527484755369,com.android.systemui,10007,0,1
1527485789709,1527465623225,com.saltybright.android.verse,10293,0,1
1527485789711,1527484809840,kr.co.rinasoft.howuse,10251,0,1
1527485789718,1527484252271,android,1000,0,1
1527485789719,1527485787258,msnl.unist.smartpushscheduler,10310,0,1
1527485790130,1527484252271,android,1000,1,1
1527485805244,1527465623225,com.saltybright.android.verse,10293,0,1
1527485805245,1527484809840,kr.co.rinasoft.howuse,10251,0,1
1527485805246,1527485804165,msnl.unist.smartpushscheduler,10310,0,1
1527485832146,1527465623225,com.saltybright.android.verse,10293,0,1
1527485832149,1527485806214,kr.co.rinasoft.howuse,10251,0,1
1527485832150,1527485831049,msnl.unist.smartpushscheduler,10310,0,1
1527485893787,1527465623225,com.saltybright.android.verse,10293,0,1
1527485893791,1527485806214,kr.co.rinasoft.howuse,10251,0,1
1527485893793,1527485831049,msnl.unist.smartpushscheduler,10310,0,1
1527485931819,1527465623225,com.saltybright.android.verse,10293,0,1
1527485931821,1527485806214,kr.co.rinasoft.howuse,10251,0,1
1527485931821,1527485831049,msnl.unist.smartpushscheduler,10310,0,1
1527486064924,1527465623225,com.saltybright.android.verse,10293,0,1
1527486064926,1527486005701,kr.co.rinasoft.howuse,10251,0,1
1527486064927,1527486050985,msnl.unist.smartpushscheduler,10310,0,1
1527486072603,1527465623225,com.saltybright.android.verse,10293,0,1
1527486072604,1527486005701,kr.co.rinasoft.howuse,10251,0,1
1527486072605,1527486050985,msnl.unist.smartpushscheduler,10310,0,1
1527486128259,1527465623225,com.saltybright.android.verse,10293,0,1
1527486128261,1527486101916,kr.co.rinasoft.howuse,10251,0,1
1527486128263,1527486127979,msnl.unist.smartpushscheduler,10310,0,1
1527486454739,1527465623225,com.saltybright.android.verse,10293,0,1
1527486454740,1527486101916,kr.co.rinasoft.howuse,10251,0,1
1527486454742,1527486127979,msnl.unist.smartpushscheduler,10310,0,1
1527486609874,1527486606143,kr.co.aladin.third_shop,10200,0,1
1527486609875,1527465623225,com.saltybright.android.verse,10293,0,1
1527486609878,1527486101916,kr.co.rinasoft.howuse,10251,0,1
1527486609879,1527486127979,msnl.unist.smartpushscheduler,10310,0,1
1527486853217,1527486606143,kr.co.aladin.third_shop,10200,0,1
1527486853219,1527465623225,com.saltybright.android.verse,10293,0,1
1527486853220,1527486610693,kr.co.rinasoft.howuse,10251,0,1
1527486853222,1527486127979,msnl.unist.smartpushscheduler,10310,0,1
1527486983595,1527486606143,kr.co.aladin.third_shop,10200,0,1
1527486983596,1527465623225,com.saltybright.android.verse,10293,0,1
1527486983599,1527486610693,kr.co.rinasoft.howuse,10251,0,1
1527486983602,1527486853231,msnl.unist.smartpushscheduler,10310,0,1
1527487599761,1527486606143,kr.co.aladin.third_shop,10200,0,1
1527487599762,1527465623225,com.saltybright.android.verse,10293,0,1
1527487599762,1527486610693,kr.co.rinasoft.howuse,10251,0,1
1527487599763,1527486853231,msnl.unist.smartpushscheduler,10310,0,1
1527488012724,1527486606143,kr.co.aladin.third_shop,10200,0,1
1527488012725,1527465623225,com.saltybright.android.verse,10293,0,1
1527488012726,1527486610693,kr.co.rinasoft.howuse,10251,0,1
1527488012727,1527486853231,msnl.unist.smartpushscheduler,10310,0,1
1527488096650,1527486606143,kr.co.aladin.third_shop,10200,0,1
1527488096654,1527465623225,com.saltybright.android.verse,10293,0,1
1527488096654,1527488052099,kr.co.rinasoft.howuse,10251,0,1
1527488096655,1527488079512,msnl.unist.smartpushscheduler,10310,0,1
1527489080128,1527486606143,kr.co.aladin.third_shop,10200,0,1
1527489080129,1527465623225,com.saltybright.android.verse,10293,0,1
1527489080130,1527488052099,kr.co.rinasoft.howuse,10251,0,1
1527489080130,1527488079512,msnl.unist.smartpushscheduler,10310,0,1
1527490388171,1527490158589,com.facebook.orca,10292,0,1
1527490388174,1527486606143,kr.co.aladin.third_shop,10200,0,1
1527490388176,1527465623225,com.saltybright.android.verse,10293,0,1
1527490388176,1527488052099,kr.co.rinasoft.howuse,10251,0,1
1527490388178,1527488079512,msnl.unist.smartpushscheduler,10310,0,1
1527490388178,1527490157383,com.facebook.orca,10292,0,1
1527490391674,1527490391437,com.facebook.orca,10292,1,1
1527490399759,1527490158589,com.facebook.orca,10292,1,1
1527490409273,1527486606143,kr.co.aladin.third_shop,10200,1,1
1527491064744,1527491062044,com.kakao.talk,10194,0,1
1527491064746,1527491061401,com.kakao.talk,10194,0,1
1527491064747,1527491037437,com.kakao.talk,10194,0,1
1527491064748,1527465623225,com.saltybright.android.verse,10293,0,1
1527491064751,1527490422082,msnl.unist.smartpushscheduler,10310,0,1
1527491064753,1527490406366,kr.co.rinasoft.howuse,10251,0,1
1527491066236,1527491037437,com.kakao.talk,10194,1,1
1527491438308,1527491396445,com.kakao.talk,10194,1,1
1527491679593,1527491064754,com.ebay.kr.auction,10199,1,1
1527494125858,1527493263013,kr.co.aladin.third_shop,10200,0,1
1527494125859,1527493264417,msnl.unist.smartpushscheduler,10310,0,1
1527494125860,1527465623225,com.saltybright.android.verse,10293,0,1
1527494125862,1527490406366,kr.co.rinasoft.howuse,10251,0,1
1527494135587,1527493263013,kr.co.aladin.third_shop,10200,0,1
1527494135588,1527494131927,msnl.unist.smartpushscheduler,10310,0,1
1527494135588,1527465623225,com.saltybright.android.verse,10293,0,1
1527494135589,1527490406366,kr.co.rinasoft.howuse,10251,0,1
1527494148564,1527493263013,kr.co.aladin.third_shop,10200,1,1
1527494161768,1527494155536,msnl.unist.smartpushscheduler,10310,0,1
1527494161770,1527465623225,com.saltybright.android.verse,10293,0,1
1527494161771,1527490406366,kr.co.rinasoft.howuse,10251,0,1
1527494375890,1527465623225,com.saltybright.android.verse,10293,0,1
1527494375891,1527494176576,msnl.unist.smartpushscheduler,10310,0,1
1527494375892,1527494169814,kr.co.rinasoft.howuse,10251,0,1
1527494764802,1527494764366,gogolook.callgogolook2,10287,1,1
1527494767033,1527494765874,com.samsung.android.incallui,1001,0,1
1527494767040,1527465623225,com.saltybright.android.verse,10293,0,1
1527494767041,1527494176576,msnl.unist.smartpushscheduler,10310,0,1
1527494767042,1527494169814,kr.co.rinasoft.howuse,10251,0,1
1527494794677,1527494794340,gogolook.callgogolook2,10287,1,1
1527494926867,1527494794331,com.android.server.telecom,1000,0,1
1527494926869,1527494795105,msnl.unist.smartpushscheduler,10310,0,1
1527494926869,1527494794449,gogolook.callgogolook2,10287,0,1
1527494926870,1527465623225,com.saltybright.android.verse,10293,0,1
1527494926870,1527494169814,kr.co.rinasoft.howuse,10251,0,1
1527494931145,1527494794331,com.android.server.telecom,1000,1,1
1527494931266,1527494794449,gogolook.callgogolook2,10287,1,1
1527494946790,1527494946548,gogolook.callgogolook2,10287,1,1
1527494954182,1527494953911,com.samsung.android.incallui,1001,0,1
1527494954183,1527494953986,msnl.unist.smartpushscheduler,10310,0,1
1527494954183,1527465623225,com.saltybright.android.verse,10293,0,1
1527494954184,1527494940006,kr.co.rinasoft.howuse,10251,0,1
1527494954438,1527494953911,com.samsung.android.incallui,1001,1,1
1527494954449,1527494954341,gogolook.callgogolook2,10287,1,1
1527494977407,1527494953986,msnl.unist.smartpushscheduler,10310,0,1
1527494977408,1527465623225,com.saltybright.android.verse,10293,0,1
1527494977409,1527494940006,kr.co.rinasoft.howuse,10251,0,1
1527495064231,1527465623225,com.saltybright.android.verse,10293,0,1
1527495064246,1527495062771,android,1000,0,1
1527495064253,1527495005513,msnl.unist.smartpushscheduler,10310,0,1
1527495064254,1527495004696,kr.co.rinasoft.howuse,10251,0,1
1527495274438,1527465623225,com.saltybright.android.verse,10293,0,1
1527495274440,1527495116595,kr.co.rinasoft.howuse,10251,0,1
1527495274441,1527495274093,com.android.systemui,10007,0,1
1527495274442,1527495062771,android,1000,0,1
1527495274442,1527495273986,msnl.unist.smartpushscheduler,10310,0,1
1527495300255,1527465623225,com.saltybright.android.verse,10293,0,1
1527495300257,1527495116595,kr.co.rinasoft.howuse,10251,0,1
1527495300257,1527495276592,msnl.unist.smartpushscheduler,10310,0,1
1527495300258,1527495274093,com.android.systemui,10007,0,1
1527495300258,1527495062771,android,1000,0,1
1527495527722,1527465623225,com.saltybright.android.verse,10293,0,1
1527495527723,1527495116595,kr.co.rinasoft.howuse,10251,0,1
1527495527724,1527495521387,msnl.unist.smartpushscheduler,10310,0,1
1527495527725,1527495525450,com.android.systemui,10007,0,1
1527495527725,1527495062771,android,1000,0,1
1527497218739,1527495662480,msnl.unist.smartpush,10311,0,1
1527497218741,1527496333486,msnl.unist.smartpush,10311,0,1
1527497218742,1527496301668,msnl.unist.smartpush,10311,0,1
1527497218742,1527496289377,msnl.unist.smartpush,10311,0,1
1527497218743,1527496282746,msnl.unist.smartpush,10311,0,1
1527497218744,1527496271017,msnl.unist.smartpush,10311,0,1
1527497218746,1527496211769,msnl.unist.smartpush,10311,0,1
1527497218747,1527496185031,msnl.unist.smartpush,10311,0,1
1527497218749,1527496179275,msnl.unist.smartpush,10311,0,1
1527497218750,1527496170060,msnl.unist.smartpush,10311,0,1
1527497218751,1527496135452,msnl.unist.smartpush,10311,0,1
1527497218751,1527496123698,msnl.unist.smartpush,10311,0,1
1527497218752,1527496093056,msnl.unist.smartpush,10311,0,1
1527497218752,1527496089179,msnl.unist.smartpush,10311,0,1
1527497218753,1527496060865,msnl.unist.smartpush,10311,0,1
1527497218754,1527496050466,msnl.unist.smartpush,10311,0,1
1527497218755,1527496018090,msnl.unist.smartpush,10311,0,1
1527497218755,1527495897397,msnl.unist.smartpush,10311,0,1
1527497218756,1527495879670,msnl.unist.smartpush,10311,0,1
1527497218756,1527495865642,msnl.unist.smartpush,10311,0,1
1527497218758,1527495856221,msnl.unist.smartpush,10311,0,1
1527497218758,1527495832587,msnl.unist.smartpush,10311,0,1
1527497218759,1527495802756,msnl.unist.smartpush,10311,0,1
1527497218759,1527495720026,msnl.unist.smartpush,10311,0,1
1527497218760,1527495692892,msnl.unist.smartpush,10311,0,1
1527497218760,1527495662433,msnl.unist.smartpush,10311,0,1
1527497218762,1527495619448,msnl.unist.smartpush,10311,0,1
1527497218763,1527495572285,msnl.unist.smartpush,10311,0,1
1527497218763,1527495542208,msnl.unist.smartpush,10311,0,1
1527497218764,1527465623225,com.saltybright.android.verse,10293,0,1
1527497218764,1527497216531,msnl.unist.smartpushscheduler,10310,0,1
1527497218766,1527495652281,kr.co.rinasoft.howuse,10251,0,1
1527497218767,1527497215509,com.android.systemui,10007,0,1
1527497218768,1527495062771,android,1000,0,1
1527497222137,1527495662480,msnl.unist.smartpush,10311,1,1
1527497222216,1527495542208,msnl.unist.smartpush,10311,1,1
1527497222221,1527495572285,msnl.unist.smartpush,10311,1,1
1527497222234,1527495619448,msnl.unist.smartpush,10311,1,1
1527497222240,1527495662433,msnl.unist.smartpush,10311,1,1
1527497222245,1527495692892,msnl.unist.smartpush,10311,1,1
1527497222250,1527495720026,msnl.unist.smartpush,10311,1,1
1527497222258,1527495802756,msnl.unist.smartpush,10311,1,1
1527497222267,1527495832587,msnl.unist.smartpush,10311,1,1
1527497222273,1527495856221,msnl.unist.smartpush,10311,1,1
1527497222278,1527495865642,msnl.unist.smartpush,10311,1,1
1527497222283,1527495879670,msnl.unist.smartpush,10311,1,1
1527497222287,1527495897397,msnl.unist.smartpush,10311,1,1
1527497222292,1527496018090,msnl.unist.smartpush,10311,1,1
1527497222296,1527496050466,msnl.unist.smartpush,10311,1,1
1527497222300,1527496060865,msnl.unist.smartpush,10311,1,1
1527497222305,1527496089179,msnl.unist.smartpush,10311,1,1
1527497222310,1527496093056,msnl.unist.smartpush,10311,1,1
1527497222314,1527496123698,msnl.unist.smartpush,10311,1,1
1527497222319,1527496135452,msnl.unist.smartpush,10311,1,1
1527497222324,1527496170060,msnl.unist.smartpush,10311,1,1
1527497222328,1527496179275,msnl.unist.smartpush,10311,1,1
1527497222332,1527496185031,msnl.unist.smartpush,10311,1,1
1527497222336,1527496211769,msnl.unist.smartpush,10311,1,1
1527497222341,1527496271017,msnl.unist.smartpush,10311,1,1
1527497222346,1527496282746,msnl.unist.smartpush,10311,1,1
1527497222351,1527496289377,msnl.unist.smartpush,10311,1,1
1527497222357,1527496301668,msnl.unist.smartpush,10311,1,1
1527497222362,1527496333486,msnl.unist.smartpush,10311,1,1
1527497223872,1527495062771,android,1000,1,1
1527497453477,1527465623225,com.saltybright.android.verse,10293,0,1
1527497453483,1527497270966,kr.co.rinasoft.howuse,10251,0,1
1527497453485,1527497223826,android,1000,0,1
1527497453486,1527497216531,msnl.unist.smartpushscheduler,10310,0,1
1527497453487,1527497446799,com.android.systemui,10007,0,1
1527497455620,1527465623225,com.saltybright.android.verse,10293,0,1
1527497455620,1527497270966,kr.co.rinasoft.howuse,10251,0,1
1527497455621,1527497455566,msnl.unist.smartpushscheduler,10310,0,1
1527497455622,1527497223826,android,1000,0,1
1527497455724,1527497223826,android,1000,1,1
1527497609700,1527465623225,com.saltybright.android.verse,10293,0,1
1527497609702,1527497270966,kr.co.rinasoft.howuse,10251,0,1
1527497609704,1527497507141,msnl.unist.smartpushscheduler,10310,0,1
1527498198987,1527498198834,com.blinkslabs.blinkist.android,10305,1,0
1527498215109,1527498198845,com.blinkslabs.blinkist.android,10305,0,0
1527498215110,1527498031092,com.nhn.android.music,10210,0,0
1527498215110,1527465623225,com.saltybright.android.verse,10293,0,0
1527498215111,1527497618748,kr.co.rinasoft.howuse,10251,0,0
1527498215112,1527497635776,msnl.unist.smartpushscheduler,10310,0,0
1527498232216,1527498232155,com.blinkslabs.blinkist.android,10305,1,0
1527498287007,1527498198845,com.blinkslabs.blinkist.android,10305,0,0
1527498287010,1527498031092,com.nhn.android.music,10210,0,0
1527498287012,1527498232098,android,1000,0,0
1527498287013,1527465623225,com.saltybright.android.verse,10293,0,0
1527498287014,1527497618748,kr.co.rinasoft.howuse,10251,0,0
1527498287016,1527497635776,msnl.unist.smartpushscheduler,10310,0,0
1527498485780,1527498232098,android,1000,1,0
1527498487738,1527498487659,com.blinkslabs.blinkist.android,10305,1,0
1527498656211,1527498198845,com.blinkslabs.blinkist.android,10305,0,0
1527498656213,1527498469859,com.nhn.android.music,10210,0,0
1527498656214,1527465623225,com.saltybright.android.verse,10293,0,0
1527498656216,1527498289031,kr.co.rinasoft.howuse,10251,0,0
1527498656217,1527497635776,msnl.unist.smartpushscheduler,10310,0,0
1527499258262,1527498198845,com.blinkslabs.blinkist.android,10305,0,0
1527499258263,1527498851258,com.nhn.android.music,10210,0,0
1527499258264,1527465623225,com.saltybright.android.verse,10293,0,0
1527499258265,1527498660237,kr.co.rinasoft.howuse,10251,0,0
1527499258265,1527497635776,msnl.unist.smartpushscheduler,10310,0,0
1527499784219,1527499783419,com.kakao.talk,10194,0,0
1527499784222,1527498198845,com.blinkslabs.blinkist.android,10305,0,0
1527499784229,1527499693166,com.nhn.android.music,10210,0,0
1527499784232,1527465623225,com.saltybright.android.verse,10293,0,0
1527499784234,1527498660237,kr.co.rinasoft.howuse,10251,0,0
1527499784235,1527497635776,msnl.unist.smartpushscheduler,10310,0,0
1527499866151,1527499865982,android,1000,1,0
1527499924138,1527499816625,com.kakao.talk,10194,1,0
1527499970529,1527499970209,gogolook.callgogolook2,10287,1,0
1527499995104,1527499984232,com.kakao.talk,10194,1,0
1527499995129,1527499920059,com.kakao.talk,10194,1,0
1527499996378,1527499996129,com.samsung.android.incallui,1001,1,0
1527499996418,1527499996337,gogolook.callgogolook2,10287,1,0
1527501579895,1527501577290,com.kakao.talk,10194,0,0
1527501579897,1527498198845,com.blinkslabs.blinkist.android,10305,0,0
1527501579898,1527500251267,com.kakao.talk,10194,0,0
1527501579898,1527501233388,com.nhn.android.music,10210,0,0
1527501579899,1527499996560,com.samsung.android.incallui,1001,0,0
1527501579899,1527465623225,com.saltybright.android.verse,10293,0,0
1527501579900,1527500122493,com.google.android.apps.maps,10153,0,0
1527501579901,1527500040928,kr.co.rinasoft.howuse,10251,0,0
1527501579901,1527497635776,msnl.unist.smartpushscheduler,10310,0,0
1527501914474,1527500122493,com.google.android.apps.maps,10153,1,0
1527502346533,1527502135292,com.nhn.android.music,10210,1,0
1527502841965,1527498198845,com.blinkslabs.blinkist.android,10305,0,0
1527502841971,1527502448150,com.kakao.talk,10194,0,0
1527502841974,1527502227429,com.kakao.talk,10194,0,0
1527502841977,1527501577290,com.kakao.talk,10194,0,0
1527502841979,1527500251267,com.kakao.talk,10194,0,0
1527502841981,1527501842235,flipboard.boxer.app,10118,0,0
1527502841984,1527499996560,com.samsung.android.incallui,1001,0,0
1527502841987,1527465623225,com.saltybright.android.verse,10293,0,0
1527502841989,1527500040928,kr.co.rinasoft.howuse,10251,0,0
1527502841991,1527497635776,msnl.unist.smartpushscheduler,10310,0,0
1527502852506,1527500251267,com.kakao.talk,10194,1,0
1527502869284,1527502227429,com.kakao.talk,10194,1,0
1527502977675,1527498198845,com.blinkslabs.blinkist.android,10305,0,0
1527502977678,1527502867242,com.kakao.talk,10194,0,0
1527502977681,1527501577290,com.kakao.talk,10194,0,0
1527502977683,1527501842235,flipboard.boxer.app,10118,0,0
1527502977684,1527499996560,com.samsung.android.incallui,1001,0,0
1527502977686,1527465623225,com.saltybright.android.verse,10293,0,0
1527502977687,1527502861004,kr.co.rinasoft.howuse,10251,0,0
1527502977688,1527497635776,msnl.unist.smartpushscheduler,10310,0,0
1527503032532,1527501577290,com.kakao.talk,10194,1,0
1527503032554,1527502867242,com.kakao.talk,10194,1,0
1527503111647,1527498198845,com.blinkslabs.blinkist.android,10305,0,0
1527503111648,1527501842235,flipboard.boxer.app,10118,0,0
1527503111648,1527499996560,com.samsung.android.incallui,1001,0,0
1527503111649,1527465623225,com.saltybright.android.verse,10293,0,0
1527503111649,1527503027012,kr.co.rinasoft.howuse,10251,0,0
1527503111650,1527497635776,msnl.unist.smartpushscheduler,10310,0,0
1527503126061,1527501842235,flipboard.boxer.app,10118,1,0
1527504127033,1527504126691,com.kakao.talk,10194,0,0
1527504127035,1527498198845,com.blinkslabs.blinkist.android,10305,0,0
1527504127036,1527504114383,com.kakao.talk,10194,0,0
1527504127037,1527499996560,com.samsung.android.incallui,1001,0,0
1527504127038,1527465623225,com.saltybright.android.verse,10293,0,0
1527504127038,1527503164045,kr.co.rinasoft.howuse,10251,0,0
1527504127039,1527497635776,msnl.unist.smartpushscheduler,10310,0,0
1527504171945,1527504171673,com.kakao.talk,10194,0,0
1527504171947,1527498198845,com.blinkslabs.blinkist.android,10305,0,0
1527504171948,1527504171709,com.kakao.talk,10194,0,0
1527504171949,1527504114383,com.kakao.talk,10194,0,0
1527504171950,1527499996560,com.samsung.android.incallui,1001,0,0
1527504171951,1527465623225,com.saltybright.android.verse,10293,0,0
1527504171952,1527503164045,kr.co.rinasoft.howuse,10251,0,0
1527504171952,1527497635776,msnl.unist.smartpushscheduler,10310,0,0
1527504190020,1527504189563,com.kakao.talk,10194,0,0
1527504190021,1527498198845,com.blinkslabs.blinkist.android,10305,0,0
1527504190022,1527504189978,com.kakao.talk,10194,0,0
1527504190022,1527504185110,com.kakao.talk,10194,0,0
1527504190023,1527499996560,com.samsung.android.incallui,1001,0,0
1527504190024,1527465623225,com.saltybright.android.verse,10293,0,0
1527504190024,1527503164045,kr.co.rinasoft.howuse,10251,0,0
1527504190025,1527497635776,msnl.unist.smartpushscheduler,10310,0,0
1527508406740,1527498198845,com.blinkslabs.blinkist.android,10305,0,0
1527508406743,1527507979115,com.kakao.talk,10194,0,0
1527508406744,1527507978706,com.kakao.talk,10194,0,0
1527508406745,1527505407462,com.kakao.talk,10194,0,0
1527508406747,1527504189563,com.kakao.talk,10194,0,0
1527508406749,1527499996560,com.samsung.android.incallui,1001,0,0
1527508406750,1527465623225,com.saltybright.android.verse,10293,0,0
1527508406751,1527504191983,kr.co.rinasoft.howuse,10251,0,0
1527508406752,1527497635776,msnl.unist.smartpushscheduler,10310,0,0
1527508415706,1527505407462,com.kakao.talk,10194,1,0
1527508771837,1527498198845,com.blinkslabs.blinkist.android,10305,0,0
1527508771838,1527508746945,com.kakao.talk,10194,0,0
1527508771839,1527508746385,com.kakao.talk,10194,0,0
1527508771840,1527504189563,com.kakao.talk,10194,0,0
1527508771841,1527499996560,com.samsung.android.incallui,1001,0,0
1527508771841,1527465623225,com.saltybright.android.verse,10293,0,0
1527508771842,1527504191983,kr.co.rinasoft.howuse,10251,0,0
1527508771843,1527497635776,msnl.unist.smartpushscheduler,10310,0,0
1527510045806,1527508911263,com.google.android.gm,10125,0,0
1527510045808,1527508911298,com.google.android.gm,10125,0,0
1527510045809,1527498198845,com.blinkslabs.blinkist.android,10305,0,0
1527510045811,1527508823694,com.sirma.mobile.bible.android,10204,0,0
1527510045812,1527508746945,com.kakao.talk,10194,0,0
1527510045813,1527508746385,com.kakao.talk,10194,0,0
1527510045814,1527504189563,com.kakao.talk,10194,0,0
1527510045815,1527499996560,com.samsung.android.incallui,1001,0,0
1527510045817,1527465623225,com.saltybright.android.verse,10293,0,0
1527510045818,1527504191983,kr.co.rinasoft.howuse,10251,0,0
1527510045820,1527497635776,msnl.unist.smartpushscheduler,10310,0,0
1527510058022,1527504189563,com.kakao.talk,10194,1,0
1527510080512,1527508746385,com.kakao.talk,10194,1,0
1527510080558,1527510054749,com.kakao.talk,10194,1,0
1527510129335,1527510129246,com.android.providers.downloads,10028,1,0
1527510162692,1527510130603,com.android.vending,10040,1,0
1527510171939,1527510164471,com.android.vending,10040,1,0
1527512136775,1527508911263,com.google.android.gm,10125,0,0
1527512136778,1527508911298,com.google.android.gm,10125,0,0
1527512136779,1527498198845,com.blinkslabs.blinkist.android,10305,0,0
1527512136779,1527511039155,com.kakao.talk,10194,0,0
1527512136780,1527511823362,com.sirma.mobile.bible.android,10204,0,0
1527512136781,1527508823694,com.sirma.mobile.bible.android,10204,0,0
1527512136782,1527499996560,com.samsung.android.incallui,1001,0,0
1527512136783,1527465623225,com.saltybright.android.verse,10293,0,0
1527512136785,1527512105956,kr.co.rinasoft.howuse,10251,0,0
1527512136786,1527497635776,msnl.unist.smartpushscheduler,10310,0,0
1527512403047,1527512402449,kr.co.rinasoft.howuse,10251,0,0
1527512403056,1527508911263,com.google.android.gm,10125,0,0
1527512403058,1527508911298,com.google.android.gm,10125,0,0
1527512403060,1527498198845,com.blinkslabs.blinkist.android,10305,0,0
1527512403065,1527511039155,com.kakao.talk,10194,0,0
1527512403066,1527512401230,com.sec.android.app.clockpackage,10176,0,0
1527512403067,1527511823362,com.sirma.mobile.bible.android,10204,0,0
1527512403068,1527508823694,com.sirma.mobile.bible.android,10204,0,0
1527512403069,1527499996560,com.samsung.android.incallui,1001,0,0
1527512403070,1527465623225,com.saltybright.android.verse,10293,0,0
1527512403070,1527512194318,kr.co.rinasoft.howuse,10251,0,0
1527512403072,1527497635776,msnl.unist.smartpushscheduler,10310,0,0
1527512408970,1527512401230,com.sec.android.app.clockpackage,10176,1,0
1527512959892,1527512402449,kr.co.rinasoft.howuse,10251,0,0
1527512959894,1527508911263,com.google.android.gm,10125,0,0
1527512959895,1527508911298,com.google.android.gm,10125,0,0
1527512959896,1527498198845,com.blinkslabs.blinkist.android,10305,0,0
1527512959897,1527511039155,com.kakao.talk,10194,0,0
1527512959898,1527511823362,com.sirma.mobile.bible.android,10204,0,0
1527512959899,1527508823694,com.sirma.mobile.bible.android,10204,0,0
1527512959900,1527499996560,com.samsung.android.incallui,1001,0,0
1527512959901,1527465623225,com.saltybright.android.verse,10293,0,0
1527512959902,1527512194318,kr.co.rinasoft.howuse,10251,0,0
1527512959902,1527497635776,msnl.unist.smartpushscheduler,10310,0,0
1527516039031,1527511039155,com.kakao.talk,10194,1,1
1527516039055,1527515268381,com.kakao.talk,10194,1,1
1527516039228,1527512402449,kr.co.rinasoft.howuse,10251,0,1
1527516039229,1527515128101,com.google.android.gm,10125,0,1
1527516039229,1527515128167,com.google.android.gm,10125,0,1
1527516039230,1527515128128,com.google.android.gm,10125,0,1
1527516039232,1527498198845,com.blinkslabs.blinkist.android,10305,0,1
1527516039233,1527511823362,com.sirma.mobile.bible.android,10204,0,1
1527516039233,1527508823694,com.sirma.mobile.bible.android,10204,0,1
1527516039234,1527499996560,com.samsung.android.incallui,1001,0,1
1527516039235,1527465623225,com.saltybright.android.verse,10293,0,1
1527516039235,1527512194318,kr.co.rinasoft.howuse,10251,0,1
1527516039236,1527497635776,msnl.unist.smartpushscheduler,10310,0,1
1527516528871,1527516526270,msnl.unist.smartpushscheduler,10310,0,1
1527516528879,1527512402449,kr.co.rinasoft.howuse,10251,0,1
1527516528880,1527515128101,com.google.android.gm,10125,0,1
1527516528881,1527515128167,com.google.android.gm,10125,0,1
1527516528882,1527515128128,com.google.android.gm,10125,0,1
1527516528883,1527498198845,com.blinkslabs.blinkist.android,10305,0,1
1527516528884,1527511823362,com.sirma.mobile.bible.android,10204,0,1
1527516528890,1527508823694,com.sirma.mobile.bible.android,10204,0,1
1527516528891,1527499996560,com.samsung.android.incallui,1001,0,1
1527516528892,1527465623225,com.saltybright.android.verse,10293,0,1
1527516528893,1527512194318,kr.co.rinasoft.howuse,10251,0,1
1527516567918,1527516526270,msnl.unist.smartpushscheduler,10310,0,1
1527516567921,1527512402449,kr.co.rinasoft.howuse,10251,0,1
1527516567922,1527515128101,com.google.android.gm,10125,0,1
1527516567923,1527515128167,com.google.android.gm,10125,0,1
1527516567923,1527515128128,com.google.android.gm,10125,0,1
1527516567924,1527498198845,com.blinkslabs.blinkist.android,10305,0,1
1527516567925,1527511823362,com.sirma.mobile.bible.android,10204,0,1
1527516567926,1527508823694,com.sirma.mobile.bible.android,10204,0,1
1527516567927,1527499996560,com.samsung.android.incallui,1001,0,1
1527516567928,1527465623225,com.saltybright.android.verse,10293,0,1
1527516567930,1527512194318,kr.co.rinasoft.howuse,10251,0,1
1527518932258,1527512402449,kr.co.rinasoft.howuse,10251,0,1
1527518932261,1527515128101,com.google.android.gm,10125,0,1
1527518932262,1527515128167,com.google.android.gm,10125,0,1
1527518932263,1527515128128,com.google.android.gm,10125,0,1
1527518932265,1527498198845,com.blinkslabs.blinkist.android,10305,0,1
1527518932266,1527511823362,com.sirma.mobile.bible.android,10204,0,1
1527518932269,1527508823694,com.sirma.mobile.bible.android,10204,0,1
1527518932270,1527499996560,com.samsung.android.incallui,1001,0,1
1527518932271,1527465623225,com.saltybright.android.verse,10293,0,1
1527518932272,1527516899781,kr.co.rinasoft.howuse,10251,0,1
1527518932276,1527516949383,msnl.unist.smartpushscheduler,10310,0,1
1527521708455,1527512402449,kr.co.rinasoft.howuse,10251,0,1
1527521708460,1527515128101,com.google.android.gm,10125,0,1
1527521708461,1527515128167,com.google.android.gm,10125,0,1
1527521708462,1527515128128,com.google.android.gm,10125,0,1
1527521708463,1527498198845,com.blinkslabs.blinkist.android,10305,0,1
1527521708463,1527511823362,com.sirma.mobile.bible.android,10204,0,1
1527521708464,1527508823694,com.sirma.mobile.bible.android,10204,0,1
1527521708464,1527499996560,com.samsung.android.incallui,1001,0,1
1527521708465,1527465623225,com.saltybright.android.verse,10293,0,1
1527521708466,1527521708285,kr.co.rinasoft.howuse,10251,0,1
1527521708466,1527518932280,msnl.unist.smartpushscheduler,10310,0,1
1527521719059,1527512402449,kr.co.rinasoft.howuse,10251,0,1
1527521719061,1527515128101,com.google.android.gm,10125,0,1
1527521719063,1527515128167,com.google.android.gm,10125,0,1
1527521719064,1527515128128,com.google.android.gm,10125,0,1
1527521719064,1527498198845,com.blinkslabs.blinkist.android,10305,0,1
1527521719065,1527511823362,com.sirma.mobile.bible.android,10204,0,1
1527521719066,1527508823694,com.sirma.mobile.bible.android,10204,0,1
1527521719067,1527499996560,com.samsung.android.incallui,1001,0,1
1527521719067,1527465623225,com.saltybright.android.verse,10293,0,1
1527521719068,1527521709352,kr.co.rinasoft.howuse,10251,0,1
1527521719069,1527521708471,msnl.unist.smartpushscheduler,10310,0,1
1527536143853,1527536084776,com.sec.android.app.samsungapps,10025,1,0
1527540995158,1527512402449,kr.co.rinasoft.howuse,10251,0,0
1527540995167,1527515128101,com.google.android.gm,10125,0,0
1527540995169,1527515128167,com.google.android.gm,10125,0,0
1527540995169,1527515128128,com.google.android.gm,10125,0,0
1527540995170,1527498198845,com.blinkslabs.blinkist.android,10305,0,0
1527540995171,1527536140343,com.sec.android.app.samsungapps,10025,0,0
1527540995172,1527511823362,com.sirma.mobile.bible.android,10204,0,0
1527540995174,1527508823694,com.sirma.mobile.bible.android,10204,0,0
1527540995175,1527499996560,com.samsung.android.incallui,1001,0,0
1527540995175,1527465623225,com.saltybright.android.verse,10293,0,0
1527540995177,1527521709352,kr.co.rinasoft.howuse,10251,0,0
1527540995178,1527521719073,msnl.unist.smartpushscheduler,10310,0,0
1527540996601,1527512402449,kr.co.rinasoft.howuse,10251,1,0
1527540997827,1527515128101,com.google.android.gm,10125,1,0
1527540997851,1527515128128,com.google.android.gm,10125,1,0
1527540997862,1527515128167,com.google.android.gm,10125,1,0
1527540999913,1527498198845,com.blinkslabs.blinkist.android,10305,1,0
1527541001334,1527536140343,com.sec.android.app.samsungapps,10025,1,0
1527541002689,1527511823362,com.sirma.mobile.bible.android,10204,1,0
1527541007711,1527541002822,com.sec.android.daemonapp,10150,1,0
1527541012498,1527508823694,com.sirma.mobile.bible.android,10204,1,0
1527541013932,1527499996560,com.samsung.android.incallui,1001,1,0
1527541045970,1527541017996,com.sec.android.app.samsungapps,10025,1,0
1527541047969,1527541046360,com.sec.android.app.samsungapps,10025,1,0
1527541158956,1527541048100,com.sec.android.app.samsungapps,10025,0,0
1527541158961,1527541042927,com.sec.android.app.samsungapps,10025,0,0
1527541158962,1527465623225,com.saltybright.android.verse,10293,0,0
1527541158963,1527521709352,kr.co.rinasoft.howuse,10251,0,0
1527541158966,1527541049303,msnl.unist.smartpushscheduler,10310,0,0
1527541164880,1527541158980,msnl.unist.smartpushscheduler,10310,0,0
1527541164881,1527541048100,com.sec.android.app.samsungapps,10025,0,0
1527541164882,1527541042927,com.sec.android.app.samsungapps,10025,0,0
1527541164882,1527465623225,com.saltybright.android.verse,10293,0,0
1527541164884,1527521709352,kr.co.rinasoft.howuse,10251,0,0
1527543591181,1527541185307,msnl.unist.smartpushscheduler,10310,0,0
1527543591191,1527541048100,com.sec.android.app.samsungapps,10025,0,0
1527543591192,1527541042927,com.sec.android.app.samsungapps,10025,0,0
1527543591194,1527465623225,com.saltybright.android.verse,10293,0,0
1527543591195,1527521709352,kr.co.rinasoft.howuse,10251,0,0
1527544804488,1527541048100,com.sec.android.app.samsungapps,10025,0,0
1527544804489,1527544802516,msnl.unist.smartpushscheduler,10310,0,0
1527544804490,1527544801382,com.sec.android.app.clockpackage,10176,0,0
1527544804490,1527541042927,com.sec.android.app.samsungapps,10025,0,0
1527544804491,1527465623225,com.saltybright.android.verse,10293,0,0
1527544804491,1527543591297,kr.co.rinasoft.howuse,10251,0,0
1527544809489,1527544801382,com.sec.android.app.clockpackage,10176,1,0
1527544895730,1527541042927,com.sec.android.app.samsungapps,10025,1,0
1527544895755,1527541048100,com.sec.android.app.samsungapps,10025,1,0
1527545598696,1527544853895,msnl.unist.smartpushscheduler,10310,0,0
1527545598697,1527465623225,com.saltybright.android.verse,10293,0,0
1527545598700,1527544862598,kr.co.rinasoft.howuse,10251,0,0
1527546348460,1527546342466,com.google.android.gm,10125,0,0
1527546348462,1527546342499,com.google.android.gm,10125,0,0
1527546348463,1527544853895,msnl.unist.smartpushscheduler,10310,0,0
1527546348464,1527465623225,com.saltybright.android.verse,10293,0,0
1527546348466,1527546206852,kr.co.rinasoft.howuse,10251,0,0
1527546351935,1527546342466,com.google.android.gm,10125,1,0
1527546351966,1527546342499,com.google.android.gm,10125,1,0
1527546602060,1527544853895,msnl.unist.smartpushscheduler,10310,0,0
1527546602061,1527546601061,com.sec.android.app.clockpackage,10176,0,0
1527546602062,1527465623225,com.saltybright.android.verse,10293,0,0
1527546602062,1527546206852,kr.co.rinasoft.howuse,10251,0,0
1527546613375,1527546601061,com.sec.android.app.clockpackage,10176,1,0
1527547213757,1527544853895,msnl.unist.smartpushscheduler,10310,0,0
1527547213760,1527465623225,com.saltybright.android.verse,10293,0,0
1527547213761,1527546206852,kr.co.rinasoft.howuse,10251,0,0
1527547224604,1527547220632,com.google.android.gm,10125,0,0
1527547224605,1527547220669,com.google.android.gm,10125,0,0
1527547224606,1527544853895,msnl.unist.smartpushscheduler,10310,0,0
1527547224606,1527465623225,com.saltybright.android.verse,10293,0,0
1527547224607,1527546206852,kr.co.rinasoft.howuse,10251,0,0
1527547228543,1527547220632,com.google.android.gm,10125,0,0
1527547228545,1527547220669,com.google.android.gm,10125,0,0
1527547228546,1527544853895,msnl.unist.smartpushscheduler,10310,0,0
1527547228547,1527465623225,com.saltybright.android.verse,10293,0,0
1527547228548,1527546206852,kr.co.rinasoft.howuse,10251,0,0
1527547419790,1527547220632,com.google.android.gm,10125,0,0
1527547419792,1527547220669,com.google.android.gm,10125,0,0
1527547419793,1527544853895,msnl.unist.smartpushscheduler,10310,0,0
1527547419794,1527465623225,com.saltybright.android.verse,10293,0,0
1527547419795,1527547231658,kr.co.rinasoft.howuse,10251,0,0
1527547716287,1527547220632,com.google.android.gm,10125,0,0
1527547716290,1527547220669,com.google.android.gm,10125,0,0
1527547716290,1527544853895,msnl.unist.smartpushscheduler,10310,0,0
1527547716292,1527465623225,com.saltybright.android.verse,10293,0,0
1527547716293,1527547600477,kr.co.rinasoft.howuse,10251,0,0
1527548314663,1527548314090,com.kakao.talk,10194,0,0
1527548314667,1527547220632,com.google.android.gm,10125,0,0
1527548314668,1527547220669,com.google.android.gm,10125,0,0
1527548314668,1527544853895,msnl.unist.smartpushscheduler,10310,0,0
1527548314669,1527465623225,com.saltybright.android.verse,10293,0,0
1527548314670,1527548258610,kr.co.rinasoft.howuse,10251,0,0
1527548336617,1527548314090,com.kakao.talk,10194,0,0
1527548336619,1527547220632,com.google.android.gm,10125,0,0
1527548336619,1527547220669,com.google.android.gm,10125,0,0
1527548336620,1527544853895,msnl.unist.smartpushscheduler,10310,0,0
1527548336620,1527465623225,com.saltybright.android.verse,10293,0,0
1527548336624,1527548258610,kr.co.rinasoft.howuse,10251,0,0
1527548345501,1527548314090,com.kakao.talk,10194,1,0
1527548346464,1527548341133,com.google.android.gm,10125,1,0
1527548346490,1527548341154,com.google.android.gm,10125,1,0
1527548346501,1527548341200,com.google.android.gm,10125,1,0
1527548347517,1527548341359,com.sec.android.app.clockpackage,10176,1,0
1527548402196,1527544853895,msnl.unist.smartpushscheduler,10310,0,0
1527548402197,1527548401059,com.sec.android.app.clockpackage,10176,0,0
1527548402198,1527465623225,com.saltybright.android.verse,10293,0,0
1527548402200,1527548258610,kr.co.rinasoft.howuse,10251,0,0
1527548404145,1527548401059,com.sec.android.app.clockpackage,10176,1,0
1527548798843,1527548602612,com.nhn.android.music,10210,0,0
1527548798845,1527544853895,msnl.unist.smartpushscheduler,10310,0,0
1527548798846,1527465623225,com.saltybright.android.verse,10293,0,0
1527548798847,1527548472773,kr.co.rinasoft.howuse,10251,0,0
1527549259763,1527548800893,com.nhn.android.music,10210,0,0
1527549259764,1527544853895,msnl.unist.smartpushscheduler,10310,0,0
1527549259765,1527465623225,com.saltybright.android.verse,10293,0,0
1527549259765,1527548472773,kr.co.rinasoft.howuse,10251,0,0
1527550012613,1527550010337,com.kakao.talk,10194,0,0
1527550012616,1527549950636,com.nhn.android.music,10210,0,0
1527550012619,1527544853895,msnl.unist.smartpushscheduler,10310,0,0
1527550012622,1527465623225,com.saltybright.android.verse,10293,0,0
1527550012626,1527548472773,kr.co.rinasoft.howuse,10251,0,0
1527550075853,1527550010337,com.kakao.talk,10194,0,0
1527550075854,1527549950636,com.nhn.android.music,10210,0,0
1527550075854,1527544853895,msnl.unist.smartpushscheduler,10310,0,0
1527550075855,1527465623225,com.saltybright.android.verse,10293,0,0
1527550075856,1527550017529,kr.co.rinasoft.howuse,10251,0,0
1527550201907,1527550010337,com.kakao.talk,10194,0,0
1527550201908,1527550076878,com.nhn.android.music,10210,0,0
1527550201909,1527544853895,msnl.unist.smartpushscheduler,10310,0,0
1527550201910,1527550200770,com.sec.android.app.clockpackage,10176,0,0
1527550201914,1527465623225,com.saltybright.android.verse,10293,0,0
1527550201915,1527550017529,kr.co.rinasoft.howuse,10251,0,0
1527550202784,1527550200770,com.sec.android.app.clockpackage,10176,1,0
1527550431812,1527550010337,com.kakao.talk,10194,0,0
1527550431813,1527550076878,com.nhn.android.music,10210,0,0
1527550431814,1527544853895,msnl.unist.smartpushscheduler,10310,0,0
1527550431814,1527465623225,com.saltybright.android.verse,10293,0,0
1527550431815,1527550017529,kr.co.rinasoft.howuse,10251,0,0
1527550534580,1527550470531,com.facebook.katana,10275,0,0
1527550534581,1527550010337,com.kakao.talk,10194,0,0
1527550534581,1527550076878,com.nhn.android.music,10210,0,0
1527550534582,1527544853895,msnl.unist.smartpushscheduler,10310,0,0
1527550534582,1527465623225,com.saltybright.android.verse,10293,0,0
1527550534583,1527550017529,kr.co.rinasoft.howuse,10251,0,0
1527550694779,1527550470531,com.facebook.katana,10275,0,0
1527550694779,1527550010337,com.kakao.talk,10194,0,0
1527550694780,1527550538605,com.nhn.android.music,10210,0,0
1527550694780,1527544853895,msnl.unist.smartpushscheduler,10310,0,0
1527550694781,1527465623225,com.saltybright.android.verse,10293,0,0
1527550694781,1527550553723,kr.co.rinasoft.howuse,10251,0,0
1527550777569,1527550470531,com.facebook.katana,10275,0,0
1527550777569,1527550010337,com.kakao.talk,10194,0,0
1527550777570,1527550695357,com.nhn.android.music,10210,0,0
1527550777570,1527544853895,msnl.unist.smartpushscheduler,10310,0,0
1527550777571,1527465623225,com.saltybright.android.verse,10293,0,0
1527550777571,1527550553723,kr.co.rinasoft.howuse,10251,0,0
1527551139446,1527550470531,com.facebook.katana,10275,0,0
1527551139448,1527550010337,com.kakao.talk,10194,0,0
1527551139449,1527550695357,com.nhn.android.music,10210,0,0
1527551139451,1527544853895,msnl.unist.smartpushscheduler,10310,0,0
1527551139452,1527465623225,com.saltybright.android.verse,10293,0,0
1527551139454,1527550553723,kr.co.rinasoft.howuse,10251,0,0
1527552002616,1527551450952,kr.co.rinasoft.howuse,10251,0,1
1527552002618,1527550470531,com.facebook.katana,10275,0,1
1527552002620,1527550010337,com.kakao.talk,10194,0,1
1527552002621,1527550695357,com.nhn.android.music,10210,0,1
1527552002622,1527544853895,msnl.unist.smartpushscheduler,10310,0,1
1527552002623,1527552001146,com.sec.android.app.clockpackage,10176,0,1
1527552002624,1527465623225,com.saltybright.android.verse,10293,0,1
1527552002626,1527551207877,kr.co.rinasoft.howuse,10251,0,1
1527552005883,1527552001146,com.sec.android.app.clockpackage,10176,1,1
1527552029768,1527551450952,kr.co.rinasoft.howuse,10251,0,1
1527552029770,1527550470531,com.facebook.katana,10275,0,1
1527552029772,1527550010337,com.kakao.talk,10194,0,1
1527552029773,1527550695357,com.nhn.android.music,10210,0,1
1527552029774,1527552024843,msnl.unist.smartpushscheduler,10310,0,1
1527552029775,1527552023982,com.saltybright.android.verse,10293,0,1
1527552029775,1527551207877,kr.co.rinasoft.howuse,10251,0,1
1527552655494,1527550695357,com.nhn.android.music,10210,1,1
1527553754544,1527553260395,com.google.android.apps.maps,10153,1,1
1527554925719,1527551450952,kr.co.rinasoft.howuse,10251,0,1
1527554925723,1527550470531,com.facebook.katana,10275,0,1
1527554925725,1527550010337,com.kakao.talk,10194,0,1
1527554925726,1527552024843,msnl.unist.smartpushscheduler,10310,0,1
1527554925728,1527552023982,com.saltybright.android.verse,10293,0,1
1527554925730,1527551207877,kr.co.rinasoft.howuse,10251,0,1
1527554941501,1527550010337,com.kakao.talk,10194,1,1
1527555005755,1527554938825,com.google.android.apps.maps,10153,1,1
1527555034807,1527551450952,kr.co.rinasoft.howuse,10251,0,1
1527555034808,1527550470531,com.facebook.katana,10275,0,1
1527555034809,1527552024843,msnl.unist.smartpushscheduler,10310,0,1
1527555034812,1527552023982,com.saltybright.android.verse,10293,0,1
1527555034813,1527551207877,kr.co.rinasoft.howuse,10251,0,1
1527555224951,1527551450952,kr.co.rinasoft.howuse,10251,0,1
1527555224954,1527550470531,com.facebook.katana,10275,0,1
1527555224956,1527552023982,com.saltybright.android.verse,10293,0,1
1527555224956,1527555165393,kr.co.rinasoft.howuse,10251,0,1
1527555224957,1527555213881,msnl.unist.smartpushscheduler,10310,0,1
1527555845886,1527555845753,com.ebay.kr.auction,10199,0,1
1527555845889,1527551450952,kr.co.rinasoft.howuse,10251,0,1
1527555845890,1527550470531,com.facebook.katana,10275,0,1
1527555845891,1527555710068,com.kakao.talk,10194,0,1
1527555845893,1527555235662,com.ahnlab.v3mobileplus,10198,0,1
1527555845894,1527552023982,com.saltybright.android.verse,10293,0,1
1527555845895,1527555296349,kr.co.rinasoft.howuse,10251,0,1
1527555845896,1527555319910,msnl.unist.smartpushscheduler,10310,0,1
1527556199944,1527555845753,com.ebay.kr.auction,10199,0,1
1527556199946,1527551450952,kr.co.rinasoft.howuse,10251,0,1
1527556199949,1527550470531,com.facebook.katana,10275,0,1
1527556199952,1527556158385,com.kakao.talk,10194,0,1
1527556199954,1527556199443,msnl.unist.smartpushscheduler,10310,0,1
1527556199955,1527555235662,com.ahnlab.v3mobileplus,10198,0,1
1527556199957,1527552023982,com.saltybright.android.verse,10293,0,1
1527556199957,1527555296349,kr.co.rinasoft.howuse,10251,0,1
1527556210903,1527556158385,com.kakao.talk,10194,1,1
1527556238701,1527556234419,com.kakao.talk,10194,1,1
1527556294713,1527556286952,com.kakao.talk,10194,1,1
1527556803892,1527555845753,com.ebay.kr.auction,10199,0,1
1527556803896,1527551450952,kr.co.rinasoft.howuse,10251,0,1
1527556803897,1527550470531,com.facebook.katana,10275,0,1
1527556803900,1527556452401,com.kakao.talk,10194,0,1
1527556803902,1527555235662,com.ahnlab.v3mobileplus,10198,0,1
1527556803907,1527552023982,com.saltybright.android.verse,10293,0,1
1527556803908,1527556292776,kr.co.rinasoft.howuse,10251,0,1
1527556803909,1527556304958,msnl.unist.smartpushscheduler,10310,0,1
1527556815022,1527556452401,com.kakao.talk,10194,1,1
1527557048632,1527555845753,com.ebay.kr.auction,10199,0,1
1527557048635,1527551450952,kr.co.rinasoft.howuse,10251,0,1
1527557048636,1527550470531,com.facebook.katana,10275,0,1
1527557048641,1527555235662,com.ahnlab.v3mobileplus,10198,0,1
1527557048643,1527552023982,com.saltybright.android.verse,10293,0,1
1527557048646,1527556852326,kr.co.rinasoft.howuse,10251,0,1
1527557048647,1527556304958,msnl.unist.smartpushscheduler,10310,0,1
1527557145811,1527555845753,com.ebay.kr.auction,10199,0,1
1527557145813,1527551450952,kr.co.rinasoft.howuse,10251,0,1
1527557145815,1527550470531,com.facebook.katana,10275,0,1
1527557145820,1527555235662,com.ahnlab.v3mobileplus,10198,0,1
1527557145821,1527552023982,com.saltybright.android.verse,10293,0,1
1527557145822,1527556852326,kr.co.rinasoft.howuse,10251,0,1
1527557145825,1527557048664,msnl.unist.smartpushscheduler,10310,0,1
1527558095558,1527558095111,com.kakao.talk,10194,0,1
1527558095561,1527555845753,com.ebay.kr.auction,10199,0,1
1527558095562,1527551450952,kr.co.rinasoft.howuse,10251,0,1
1527558095563,1527550470531,com.facebook.katana,10275,0,1
1527558095563,1527555235662,com.ahnlab.v3mobileplus,10198,0,1
1527558095564,1527552023982,com.saltybright.android.verse,10293,0,1
1527558095566,1527556852326,kr.co.rinasoft.howuse,10251,0,1
1527558095567,1527557048664,msnl.unist.smartpushscheduler,10310,0,1
1527558392286,1527558095111,com.kakao.talk,10194,0,1
1527558392307,1527555845753,com.ebay.kr.auction,10199,0,1
1527558392308,1527551450952,kr.co.rinasoft.howuse,10251,0,1
1527558392309,1527550470531,com.facebook.katana,10275,0,1
1527558392310,1527558390697,gogolook.callgogolook2,10287,0,1
1527558392311,1527555235662,com.ahnlab.v3mobileplus,10198,0,1
1527558392312,1527552023982,com.saltybright.android.verse,10293,0,1
1527558392313,1527558096486,kr.co.rinasoft.howuse,10251,0,1
1527558392315,1527557048664,msnl.unist.smartpushscheduler,10310,0,1
1527559953299,1527558095111,com.kakao.talk,10194,0,1
1527559953300,1527555845753,com.ebay.kr.auction,10199,0,1
1527559953301,1527551450952,kr.co.rinasoft.howuse,10251,0,1
1527559953302,1527550470531,com.facebook.katana,10275,0,1
1527559953303,1527559952667,msnl.unist.smartpushscheduler,10310,0,1
1527559953303,1527558390697,gogolook.callgogolook2,10287,0,1
1527559953305,1527555235662,com.ahnlab.v3mobileplus,10198,0,1
1527559953306,1527552023982,com.saltybright.android.verse,10293,0,1
1527559953307,1527558096486,kr.co.rinasoft.howuse,10251,0,1
1527559953955,1527558095111,com.kakao.talk,10194,1,1
1527559955535,1527551450952,kr.co.rinasoft.howuse,10251,1,1
1527559957280,1527550470531,com.facebook.katana,10275,1,1
1527559970560,1527555845753,com.ebay.kr.auction,10199,0,1
1527559970561,1527558390697,gogolook.callgogolook2,10287,0,1
1527559970561,1527559960722,msnl.unist.smartpushscheduler,10310,0,1
1527559970562,1527555235662,com.ahnlab.v3mobileplus,10198,0,1
1527559970563,1527552023982,com.saltybright.android.verse,10293,0,1
1527559970564,1527558096486,kr.co.rinasoft.howuse,10251,0,1
1527559971554,1527558390697,gogolook.callgogolook2,10287,1,1
1527560052679,1527555845753,com.ebay.kr.auction,10199,0,1
1527560052680,1527555235662,com.ahnlab.v3mobileplus,10198,0,1
1527560052681,1527552023982,com.saltybright.android.verse,10293,0,1
1527560052682,1527560052412,msnl.unist.smartpushscheduler,10310,0,1
1527560052683,1527560003098,kr.co.rinasoft.howuse,10251,0,1
1527560181208,1527560179567,com.facebook.orca,10292,0,1
1527560181211,1527555845753,com.ebay.kr.auction,10199,0,1
1527560181212,1527555235662,com.ahnlab.v3mobileplus,10198,0,1
1527560181213,1527552023982,com.saltybright.android.verse,10293,0,1
1527560181213,1527560160374,com.android.systemui,10007,0,1
1527560181214,1527560081992,kr.co.rinasoft.howuse,10251,0,1
1527560181215,1527560164016,msnl.unist.smartpushscheduler,10310,0,1
1527560181215,1527560080300,android,1000,0,1
1527560181216,1527560176872,com.facebook.orca,10292,0,1
1527560185425,1527560179567,com.facebook.orca,10292,1,1
